Name,UID,Code,Parent UID,Short name,Description,Opening date,Closed date,Comment,Feature type,Coordinates,URL,Contact person,Address,Email,Phone number
Malawi,5DK6EIO5Z2K,,,Malawi,,,,,,,,,,,
Central Region,D5UIJQK70V8,,5DK6EIO5Z2K,Central Region,,,,,,,,,Malawi,,
Northern Region,476EW908B28,,5DK6EIO5Z2K,Northern Region,,,,,,,,,Malawi,,
Southern Region,TH382386J4P,,5DK6EIO5Z2K,Southern Region,,,,,,,,,Malawi,,
Dedza,MCI03GN2X82,,D5UIJQK70V8,Dedza,,,,,,,,,Central Region,,
Dowa,5MMUU44H87N,,D5UIJQK70V8,Dowa,,,,,,,,,Central Region,,
Kasungu,NC43ZHVI990,,D5UIJQK70V8,Kasungu,,,,,,,,,Central Region,,
Lilongwe,YUZGVN27VV7,,D5UIJQK70V8,Lilongwe,,,,,,,,,Central Region,,
Mchinji,P9Z9B7I5Z49,,D5UIJQK70V8,Mchinji,,,,,,,,,Central Region,,
Nkhotakota,83R42PJ617D,,D5UIJQK70V8,Nkhotakota,,,,,,,,,Central Region,,
Ntcheu,0CP1CKU2WT5,,D5UIJQK70V8,Ntcheu,,,,,,,,,Central Region,,
Ntchisi,EKM7K3C099P,,D5UIJQK70V8,Ntchisi,,,,,,,,,Central Region,,
Salima,89O2R8M1H8R,,D5UIJQK70V8,Salima,,,,,,,,,Central Region,,
Chitipa ,4O17B47YQ93,,476EW908B28,Chitipa,,,,,,,,,Northern Region,,
Karonga,A4HW509I02S,,476EW908B28,Karonga,,,,,,,,,Northern Region,,
Likoma,JRW72OR4IB1,,476EW908B28,Likoma,,,,,,,,,Northern Region,,
Mzimba,96XVM25Q836,,476EW908B28,Mzimba,,,,,,,,,Northern Region,,
Nkhatabay,4T029936L6Y,,476EW908B28,Nkhatabay,,,,,,,,,Northern Region,,
Rumphi,ID12CT8H1C6,,476EW908B28,Rumphi,,,,,,,,,Northern Region,,
Balaka,PBSD2ZN14KQ,,TH382386J4P,Balaka,,,,,,,,,Southern Region,,
Blantyre,M88BRZF0433,,TH382386J4P,Blantyre,,,,,,,,,Southern Region,,
Chikwakwa,NP1724994XS,,TH382386J4P,Chikwakwa,,,,,,,,,Southern Region,,
Chiradzulu,4MO3041BF94,,TH382386J4P,Chiradzulu,,,,,,,,,Southern Region,,
Machinga,Y12N1916064,,TH382386J4P,Machinga,,,,,,,,,Southern Region,,
Mangochi,3D33MR4I446,,TH382386J4P,Mangochi,,,,,,,,,Southern Region,,
Mulanje,23X9ID7085J,,TH382386J4P,Mulanje,,,,,,,,,Southern Region,,
Mwanza,I28JL6Z37LK,,TH382386J4P,Mwanza,,,,,,,,,Southern Region,,
Neno,NY4EK0ONL46,,TH382386J4P,Neno,,,,,,,,,Southern Region,,
Nsanje,T17D43A575W,,TH382386J4P,Nsanje,,,,,,,,,Southern Region,,
Phalombe,63SE8971XMH,,TH382386J4P,Phalombe,,,,,,,,,Southern Region,,
Thyolo,6394C65X5QD,,TH382386J4P,Thyolo,,,,,,,,,Southern Region,,
Zomba,99E3D38Q60Z,,TH382386J4P,Zomba,,,,,,,,,Southern Region,,
STA Kachenga,8XGS755Z896,,PBSD2ZN14KQ,Kachenga,,,,,,,,,Balaka,,
STA Matola,0M4669H4HGV,,PBSD2ZN14KQ,Matola,,,,,,,,,Balaka,,
STA Phalula,ZW9N60ZD2LV,,PBSD2ZN14KQ,Phalula,,,,,,,,,Balaka,,
STA Toleza,2G6V1Q6VODB,,PBSD2ZN14KQ,Toleza,,,,,,,,,Balaka,,
TA Amidu,V33E79I4PWI,,PBSD2ZN14KQ,Amidu,,,,,,,,,Balaka,,
TA Chanthunya,3V04J8FH956,,PBSD2ZN14KQ,Chanthunya,,,,,,,,,Balaka,,
TA Kalembo,LJO359U35WF,,PBSD2ZN14KQ,Kalembo,,,,,,,,,Balaka,,
TA Msamala,ZLT4525EM4Z,,PBSD2ZN14KQ,Msamala,,,,,,,,,Balaka,,
TA Nkaya,PZ5Z373376O,,PBSD2ZN14KQ,Nkaya,,,,,,,,,Balaka,,
TA Sawali,0VM2U92Z6R3,,PBSD2ZN14KQ,Sawali,,,,,,,,,Balaka,,
TA Chigaru,H3JXZVC1E7O,,M88BRZF0433,Chigaru,,,,,,,,,Blantyre,,
TA Kapeni,10S9F354W40,,M88BRZF0433,Kapeni,,,,,,,,,Blantyre,,
TA Kuntaja,21S3H23UQB3,,M88BRZF0433,Kuntaja,,,,,,,,,Blantyre,,
TA Kunthembwe,5203ES5WP7V,,M88BRZF0433,Kunthembwe,,,,,,,,,Blantyre,,
TA Machinjiri,7LMTYE0W57L,,M88BRZF0433,Machinjiri,,,,,,,,,Blantyre,,
TA Makata,EM6V5Z2EB8C,,M88BRZF0433,Makata,,,,,,,,,Blantyre,,
TA Somba,V28B0U168S6,,M88BRZF0433,Somba,,,,,,,,,Blantyre,,
TA Lundu,X69CJ4MCIAL,,M88BRZF0433,Lundu,,,,,,,,,,,
TA Kameme,073Q6GI82E1,,4O17B47YQ93,Kameme,,,,,,,,,Chitipa ,,
TA Mwabulambya,P2246S0CD4H,,4O17B47YQ93,Mwabulambya,,,,,,,,,Chitipa ,,
TA Mwenemisuku,H39I7C0B456,,4O17B47YQ93,Mwenemisuku,,,,,,,,,Chitipa ,,
TA Mwenewenya,E0J0DHOF99C,,4O17B47YQ93,Mwenewenya,,,,,,,,Duplicate,Chitipa ,,
TA Nthalire,ENPU0Z85HW9,,4O17B47YQ93,Nthalire,,,,,,,,,Chitipa ,,
TA Nthengatenga,XZVWQ8A4D05,,4O17B47YQ93,Nthengatenga,,,,,,,,,Chitipa ,,
TA Chapananga,4428T77478M,,NP1724994XS,Chapananga,,,,,,,,,,,
TA Kasisi,1P0IA4L5QS5,,NP1724994XS,Kasisi,,,,,,,,,,,
TA Katunga,06YJ81GS1H9,,NP1724994XS,Katunga,,,,,,,,,,,
TA Lundu,X96CJ4MCIAL,,NP1724994XS,Lundu,,,,,,,,,,,
TA Makhuwira,K18OU6VZV6I,,NP1724994XS,Makhuwira,,,,,,,,,,,
TA Masache,7994XOXL7X0,,NP1724994XS,Masache,,,,,,,,,,,
TA Maseya,1P0IA4L5QS7,,NP1724994XS,Maseya,,,,,,,,,,,
TA Mlilima,NV3726125FV,,NP1724994XS,Mlilima,,,,,,,,,,,
TA Ndakwera,1STAM11ET3X,,NP1724994XS,Ndakwera,,,,,,,,,,,
TA Ngabu,7026R5MDU52,,NP1724994XS,Ngabu,,,,,,,,,,,
TA Ngowe,RKM91167QH2,,NP1724994XS,Ngowe,,,,,,,,,,,
STA Mpunga,14ZAJ5BG7Q8,,4MO3041BF94,Mpunga,,,,,,,,,Chiradzulu,,
STA Onga,2VTML7219L6,,4MO3041BF94,Onga,,,,,,,,,Chiradzulu,,
STA Sandaraki,2W6RFSTH3WJ,,4MO3041BF94,Sandaraki,,,,,,,,,Chiradzulu,,
TA Chitera,46X1JPLNZZV,,4MO3041BF94,Chitera,,,,,,,,,Chiradzulu,,
TA Kadewere,W166PHV8H21,,4MO3041BF94,Kadewere,,,,,,,,,Chiradzulu,,
TA Likoswe,14Z9G0FTK9E,,4MO3041BF94,Likoswe,,,,,,,,,Chiradzulu,,
TA Mpama,5O9358Q507C,,4MO3041BF94,Mpama,,,,,,,,,Chiradzulu,,
TA Nchema,3S57FC10A3E,,4MO3041BF94,Nchema,,,,,,,,,Chiradzulu,,
TA Nkalo,E247EJ12L48,,4MO3041BF94,Nkalo,,,,,,,,,Chiradzulu,,
TA Chauma,MN00DF0G7H0,,MCI03GN2X82,Chauma,,,,,,,,Duplicate,Dedza,,
TA Chilikumwenda,NKGQ1Z4O1Y2,,MCI03GN2X82,Chilikumwenda,,,,,,,,Duplicate,Dedza,,
TA Kachere,397684946R6,,MCI03GN2X82,Kachere,,,,,,,,Duplicate,Dedza,,
TA Kachindamoto,4FP252BPJCI,,MCI03GN2X82,Kachindamoto,,,,,,,,Duplicate,Dedza,,
TA Kamenyagwaza,E09H66L0351,,MCI03GN2X82,Kamenyagwaza,,,,,,,,Duplicate,Dedza,,
TA Kaphuka,00872AKSP4J,,MCI03GN2X82,Kaphuka,,,,,,,,Duplicate,Dedza,,
TA Kasumbu,PU05RS57GIO,,MCI03GN2X82,Kasumbu,,,,,,,,Duplicate,Dedza,,
TA Tambala,2R3Y8NL7BA2,,MCI03GN2X82,Tambala,,,,,,,,Duplicate,Dedza,,
TA Chakhaza,9U6PI2V2SO6,,5MMUU44H87N,Chakhaza,,,,,,,,,Dowa,,
TA Chiwere,402JUMO4195,,5MMUU44H87N,Chiwere,,,,,,,,,Dowa,,
TA Dzoole,M4GG9DX5351,,5MMUU44H87N,Dzoole,,,,,,,,,Dowa,,
TA Kayembe,78M96BI02NZ,,5MMUU44H87N,Kayembe,,,,,,,,,Dowa,,
TA Mkukula,3Z85518YBP6,,5MMUU44H87N,Mkukula,,,,,,,,,Dowa,,
TA Mponela,P0Q26L7HIU6,,5MMUU44H87N,Mponela,,,,,,,,,Dowa,,
TA Msakambewa,B5G4ZK63TZ8,,5MMUU44H87N,Msakambewa,,,,,,,,,Dowa,,
TA Kilupula,5Z84N6XMYVC,,A4HW509I02S,Kilupula,,,,,,,,,Karonga,,
TA Kyungu,G7J1DCK090Z,,A4HW509I02S,Kyungu,,,,,,,,,Karonga,,
TA Mwakaboko,MLYR7D187JT,,A4HW509I02S,Mwakaboko,,,,,,,,,Karonga,,
TA Mwirang'ombe,JUIP78U36Z1,,A4HW509I02S,Mwirang'ombe,,,,,,,,,Karonga,,
TA Wasambo,1Y42073X858,,A4HW509I02S,Wasambo,,,,,,,,,Karonga,,
STA Mnyanja,392Z65Q7MWO,,NC43ZHVI990,Mnyanja,,,,,,,,,Kasungu,,
STA Mthunduwala,GZ8453UH67C,,NC43ZHVI990,Mthunduwala,,,,,,,,,Kasungu,,
TA Chidzuma,219O7F41425,,NC43ZHVI990,Chidzuma,,,,,,,,,Kasungu,,
TA Chilowamatambe,VQQ7Z94VD2B,,NC43ZHVI990,Chilowamatambe,,,,,,,,,Kasungu,,
TA Chisemphere,VC0YDZ5U6P6,,NC43ZHVI990,Chisemphere,,,,,,,,,Kasungu,,
TA Chisinga,7W335O7E0C2,,NC43ZHVI990,Chisinga,,,,,,,,,Kasungu,,
TA Chitathamapiri,K9UXZP3U58N,,NC43ZHVI990,Chitathamapiri,,,,,,,,,Kasungu,,
TA Chulu,5M3G52HB5U9,,NC43ZHVI990,Chulu,,,,,,,,,Kasungu,,
TA Kaluluma,31BT84662UN,,NC43ZHVI990,Kaluluma,,,,,,,,Duplicate,Kasungu,,
TA Kaomba,0MKT2O18F33,,NC43ZHVI990,Kaomba,,,,,,,,,Kasungu,,
TA Kapelula,1K9J182T334,,NC43ZHVI990,Kapelula,,,,,,,,,Kasungu,,
TA Kaphazi,9XGD88D9MOG,,NC43ZHVI990,Kaphazi,,,,,,,,,Kasungu,,
TA Kawamba,9SI5BI13J93,,NC43ZHVI990,Kawamba,,,,,,,,,Kasungu,,
TA Lukwa,7B741GHJ89G,,NC43ZHVI990,Lukwa,,,,,,,,,Kasungu,,
TA Mdunga,486QKH53LZ4,,NC43ZHVI990,Mdunga,,,,,,,,,Kasungu,,
TA Mkhota,7I4E7II2H1W,,NC43ZHVI990,Mkhota,,,,,,,,,Kasungu,,
TA Mnyanja,2D0517640I5,,NC43ZHVI990,Mnyanja,,,,,,,,,Kasungu,,
TA Mwase,9T1969D5N4R,,NC43ZHVI990,Mwase,,,,,,,,,Kasungu,,
TA Njombwa,032VZ3ZH9EH,,NC43ZHVI990,Njombwa,,,,,,,,,Kasungu,,
TA Nyaza,26K3Y409217,,NC43ZHVI990,Nyaza,,,,,,,,,Kasungu,,
TA Santhe,9TX87270HRE,,NC43ZHVI990,Santhe,,,,,,,,,Kasungu,,
TA Simlemba,C16446EKG6F,,NC43ZHVI990,Simlemba,,,,,,,,,Kasungu,,
TA Wimbe,N5GML7Q53MI,,NC43ZHVI990,Wimbe,,,,,,,,,Kasungu,,
STA Kabunthu,03F8NB0E9T8,,JRW72OR4IB1,Kabunthu,,,,,,,,,Likoma,,
STA Mwase,WP67SK30C96,,JRW72OR4IB1,Mwase,,,,,,,,,Likoma,,
TA Mkumpha,WU46TM2X122,,JRW72OR4IB1,Mkumpha,,,,,,,,,Likoma,,
STA Chitekwele,TH73U2MEZA2,,YUZGVN27VV7,Chitekwele,,,,,,,,,Lilongwe,,
STA Mbang’ombe,4VJ6K896403,,YUZGVN27VV7,Mbang’ombe,,,,,,,,,Lilongwe,,
TA Chadza,007NJNPFT79,,YUZGVN27VV7,Chadza,,,,,,,,,Lilongwe,,
TA Chimutu,XU095M9YQ2Z,,YUZGVN27VV7,Chimutu,,,,,,,,,Lilongwe,,
TA Chiseka,LEQ1SJIMI96,,YUZGVN27VV7,Chiseka,,,,,,,,,Lilongwe,,
TA Chitukula,43J60W92X58,,YUZGVN27VV7,Chitukula,,,,,,,,,Lilongwe,,
TA Kabudula,472479L047R,,YUZGVN27VV7,Kabudula,,,,,,,,,Lilongwe,,
TA Kalolo,JF0M8MT8W8D,,YUZGVN27VV7,Kalolo,,,,,,,,,Lilongwe,,
TA Kalumba,NDH81J35EKW,,YUZGVN27VV7,Kalumba,,,,,,,,,Lilongwe,,
TA Kalumbu,C4R0XWQSZQT,,YUZGVN27VV7,Kalumbu,,,,,,,,,Lilongwe,,
TA Khongoni,5AEO4VO4840,,YUZGVN27VV7,Khongoni,,,,,,,,,Lilongwe,,
TA Malili,519TL4OEQQK,,YUZGVN27VV7,Malili,,,,,,,,,Lilongwe,,
TA Masula,H2SXJ263U03,,YUZGVN27VV7,Masula,,,,,,,,,Lilongwe,,
TA Masumbankhunda,1XTN6223BFS,,YUZGVN27VV7,Masumbankhunda,,,,,,,,,Lilongwe,,
TA Mazengera,LUY9ZNCH7SE,,YUZGVN27VV7,Mazengera,,,,,,,,,Lilongwe,,
TA Mtema,8S15K005W2S,,YUZGVN27VV7,Mtema,,,,,,,,,Lilongwe,,
TA Njewa,PT9695002MB,,YUZGVN27VV7,Njewa,,,,,,,,,Lilongwe,,
TA Tsabango,L1V2R5CW938,,YUZGVN27VV7,Tsabango,,,,,,,,,Lilongwe,,
TA Chamba,32XR93ZSM8D,,Y12N1916064,Chamba,,,,,,,,,Machinga,,
TA Chikweo,F4C7HSZQ0M2,,Y12N1916064,TA Chikweo,,,,,,,,,Machinga,,
TA Chiwalo,B2F65T8N48Q,,Y12N1916064,Chiwalo,,,,,,,,Duplicate,Machinga,,
TA Kankhomba,M0137EFHC55,,Y12N1916064,TA Kankhomba,,,,,,,,,Machinga,,
TA Kapoloma,OAP4I71AO1P,,Y12N1916064,Kapoloma,,,,,,,,,Machinga,,
TA Kawinga,0PA3922L19R,,Y12N1916064,TA Kawinga,,,,,,,,,Machinga,,
TA Liwonde,9V18YF65RY0,,Y12N1916064,TA Liwonde,,,,,,,,,Machinga,,
TA Mchinguza,NNU5E62KJS5,,Y12N1916064,TA Mchinguza,,,,,,,,,Machinga,,
TA Mlomba,9WQY8GJU1HM,,Y12N1916064,TA Mlomba,,,,,,,,,Machinga,,
TA Mposa,567A1L637NR,,Y12N1916064,Mposa,,,,,,,,,Machinga,,
TA Ngokwe,S2E37Y27ZB3,,Y12N1916064,TA Ngokwe,,,,,,,,,Machinga,,
TA Nkoola,9EP37182WKG,,Y12N1916064,TA Nkoola,,,,,,,,,Machinga,,
TA Mkula,W666A4092XM,,Y12N1916064,Mkula,,,,,,,,,Machinga,,
TA Nsanama,YWGRM13E4C4,,Y12N1916064,TA Nsanama,,,,,,,,,Machinga,,
TA Nyambi,Y6A1M21389O,,Y12N1916064,TA Nyambi,,,,,,,,,Machinga,,
TA Sitola,758PV733XBN,,Y12N1916064,TA Sitola,,,,,,,,,Machinga,,
TA Bwananyambi,8PB3K29SYOB,,3D33MR4I446,TA Bwananyambi,,,,,,,,,Mangochi,,
TA Chilipa,3O3I018J45Z,,3D33MR4I446,TA Chilipa,,,,,,,,,Mangochi,,
TA Jalasi,9RKXGWZNOL5,,3D33MR4I446,TA Jalasi,,,,,,,,,Mangochi,,
TA Mponda,S268C44Y558,,3D33MR4I446,TA Mponda,,,,,,,,,Mangochi,,
TA Namabvi,5E4XW7L803X,,3D33MR4I446,TA Namabvi,,,,,,,,,Mangochi,,
TA Nankumba,0ELGFWJ4HSW,,3D33MR4I446,TA Nankumba,,,,,,,,,Mangochi,,
TA Makanjila,0ELGFWJ4FSW,,3D33MR4I446,TA Makanjila,,,,,,,,,,,
TA Katuli,6E5XW7L803X,,3D33MR4I446,TA Katuli,,,,,,,,,,,
TA Chowe,1RKXGWZNOL7,,3D33MR4I446,TA Chowe,,,,,,,,,,,
TA Chimwala,S165C44Y388,,3D33MR4I446,TA Chimwala,,,,,,,,,,,
TA Dambe,982ZJ9U0C20,,P9Z9B7I5Z49,Dambe,,,,,,,,Duplicate,Mchinji,,
TA Gumba,5LH40K3XAFE,,P9Z9B7I5Z49,Gumba,,,,,,,,,Mchinji,,
TA Kapondo,VTJP7E5GYZ8,,P9Z9B7I5Z49,Kapondo,,,,,,,,,Mchinji,,
TA Kazyozyo,4S806M1FAPE,,P9Z9B7I5Z49,Kazyozyo,,,,,,,,,Mchinji,,
TA Mavwere,LHPDNZ75309,,P9Z9B7I5Z49,Mavwere,,,,,,,,,Mchinji,,
TA Mduwa,FD1O1P3YW7P,,P9Z9B7I5Z49,Mduwa,,,,,,,,,Mchinji,,
TA Mkanda,KO3862ZXT3K,,P9Z9B7I5Z49,Mkanda,,,,,,,,Duplicate,Mchinji,,
TA Mlonyeni,284Y5HOPG02,,P9Z9B7I5Z49,Mlonyeni,,,,,,,,,Mchinji,,
TA Nyoka,J8RGD55T4I1,,P9Z9B7I5Z49,Nyoka,,,,,,,,,Mchinji,,
TA Simphasi,28Z9LBI3JP7,,P9Z9B7I5Z49,Simphasi,,,,,,,,,Mchinji,,
TA Zulu,UPADPK51FTP,,P9Z9B7I5Z49,Zulu,,,,,,,,,Mchinji,,
TA Chikumbu,TW8T0D43D1S,,23X9ID7085J,TA Chikumbu,,,,,,,,,Mulanje,,
TA Juma,KXSQMKWZE7Y,,23X9ID7085J,Juma,,,,,,,,,Mulanje,,
TA Mabuka,12BSZBVS3J0,,23X9ID7085J,TA Mabuka,,,,,,,,,Mulanje,,
TA Nkanda,4U9J5V83J9G,,23X9ID7085J,Nkanda,,,,,,,,Duplicate,Mulanje,,
TA Njema,2842XHC3TQ7,,23X9ID7085J,TA Njema,,,,,,,,,Mulanje,,
TA Sunganinzeru,KTEI1JB9QW4,,23X9ID7085J,TA Sunganinzeru,,,,,,,,,Mulanje,,
TA Nthiramanja,STWLLU98T0I,,23X9ID7085J,Nthiramanja,,,,,,,,,Mulanje,,
TA Tombodiya,WGGX9ODE5MA,,23X9ID7085J,Tombodiya,,,,,,,,,Mulanje,,
TA Laston Njema,WGGX3ODE6NA,,23X9ID7085J,Laston Njema,,,,,,,,,,,
TA Kanduku,Y61550006XS,,I28JL6Z37LK,Kanduku,,,,,,,,,Mwanza,,
TA Nthache,81C4MR9FQ4R,,I28JL6Z37LK,Nthache,,,,,,,,,Mwanza,,
STA Levi Jere,ENP07SI49X3,,96XVM25Q836,Levi Jere,,,,,,,,,Mzimba,,
TA Chindi,4L4NFFN7GQ5,,96XVM25Q836,Chindi,,,,,,,,,Mzimba,,
TA Jaravikuba Munthali,DTT256S181H,,96XVM25Q836,Jaravikuba Munthali,,,,,,,,,Mzimba,,
TA Kampingo Sibande,2IU45WX7K72,,96XVM25Q836,Kampingo Sibande,,,,,,,,,Mzimba,,
TA Khosolo Gwaza Jere,WK976036AK4,,96XVM25Q836,Khosolo Gwaza Jere,,,,,,,,,Mzimba,,
TA M’mbelwa,9KG535078SA,,96XVM25Q836,M’mbelwa,,,,,,,,,Mzimba,,
TA Mabulabo,P5NRSM8SFXH,,96XVM25Q836,Mabulabo,,,,,,,,,Mzimba,,
TA Mpherembe,026SAUZ6866,,96XVM25Q836,Mpherembe,,,,,,,,,Mzimba,,
TA Mtwalo,ZE9OLEH2BO8,,96XVM25Q836,Mtwalo,,,,,,,,,Mzimba,,
TA Mzikubola,3FCVKCYB65Y,,96XVM25Q836,Mzikubola,,,,,,,,,Mzimba,,
TA Mzukuzuku,MW3CF0126OB,,96XVM25Q836,Mzukuzuku,,,,,,,,,Mzimba,,
TA Chekucheku,H67UVZ808Q3,,NY4EK0ONL46,Chekucheku,,,,,,,,,Neno,,
TA Dambe,4S210XR3897,,NY4EK0ONL46,Dambe,,,,,,,,Duplicate,Neno,,
TA Mlauli,H0254LU1610,,NY4EK0ONL46,Mlauli,,,,,,,,,Neno,,
TA Symon Likongwe,29SBZWD6WZE,,NY4EK0ONL46,Symon Likongwe,,,,,,,,,Neno,,
STA Mkondowe ,QKOB69QJA6M,,4T029936L6Y,Mkondowe,,,,,,,,,Nkhatabay,,
STA Nyaluwanga ,527B20O7Q2H,,4T029936L6Y,Nyaluwanga,,,,,,,,,Nkhatabay,,
TA Boghoyo,37N8870VZJ6,,4T029936L6Y,Boghoyo,,,,,,,,,Nkhatabay,,
TA Fukamalaza ,53JF9WUR89E,,4T029936L6Y,Fukamalaza ,,,,,,,,,Nkhatabay,,
TA Fukamapiri,S27G2AI7MD1,,4T029936L6Y,Fukamapiri,,,,,,,,,Nkhatabay,,
TA Kabunduli ,2C0IC59RAI2,,4T029936L6Y,Kabunduli ,,,,,,,,,Nkhatabay,,
TA M’bwana ,97680AEH1G6,,4T029936L6Y,M'bwana,,,,,,,,,Nkhatabay,,
TA Malanda ,VJ63T24P9FF,,4T029936L6Y,Malanda ,,,,,,,,,Nkhatabay,,
TA Malenga Mzoma,K5UG2W2BGDH,,4T029936L6Y,Malenga Mzoma,,,,,,,,,Nkhatabay,,
TA Mankhambira ,2M71KI030MT,,4T029936L6Y,Mankhambira ,,,,,,,,,Nkhatabay,,
TA Mkumbira ,577D8F6FFJ0,,4T029936L6Y,Mkumbira ,,,,,,,,,Nkhatabay,,
TA Timbiri ,33T7TS9V182,,4T029936L6Y,Timbiri ,,,,,,,,,Nkhatabay,,
TA Zilakoma,85J589562R9,,4T029936L6Y, Zilakoma,,,,,,,,,Nkhatabay,,
STA Kalimanjira,P73399M68CJ,,83R42PJ617D,Kalimamnjira,,,,,,,,,Nkhotakota,,
STA Nkhanga,328MJ4X59LR,,83R42PJ617D,Nkhanga,,,,,,,,,Nkhotakota,,
TA Kafuzila,1QWO8787070,,83R42PJ617D,Kafuzila,,,,,,,,,Nkhotakota,,
TA Kamenyagwaza,378A0KKEMA3,,83R42PJ617D,Kamenyagwaza,,,,,,,,Duplicate,Nkhotakota,,
TA Kanyenda,99SQ449VSE9,,83R42PJ617D,Kanyenda,,,,,,,,,Nkhotakota,,
TA Makuta,7FBV2XWSQ09,,83R42PJ617D,Makuta,,,,,,,,,Nkhotakota,,
TA Malengachanzi,30DAWLMN424,,83R42PJ617D,Malengachanzi,,,,,,,,,Nkhotakota,,
TA Mphonde,WCQF0248J8V,,83R42PJ617D,Mphonde,,,,,,,,,Nkhotakota,,
TA Mwadzama,WDA93HWD34S,,83R42PJ617D,Mwadzama,,,,,,,,,Nkhotakota,,
TA Mwansambo,7I82MY0ICGI,,83R42PJ617D,Mwansambo,,,,,,,,,Nkhotakota,,
TA Chimombo,FZ7UL9IEJW0,,T17D43A575W,Chimombo,,,,,,,,Duplicate,Nsanje,,
TA Makoko,SI50J7ZNG2U,,T17D43A575W,Makoko,,,,,,,,,Nsanje,,
TA Malemia,3KGMJ16PK0O,,T17D43A575W,Malemia,,,,,,,,Duplicate,Nsanje,,
TA Mbenje,AZCVH4P9OFL,,T17D43A575W,Mbenje,,,,,,,,,Nsanje,,
TA Mlolo,YIH8I7165EW,,T17D43A575W,Mlolo,,,,,,,,,Nsanje,,
TA Ndamera,8T1R3384D95,,T17D43A575W,Ndamera,,,,,,,,,Nsanje,,
TA Tengani,HUQBO1H8LA5,,T17D43A575W,Tengani,,,,,,,,,Nsanje,,
TA Chakhumbira,35V81XW7592,,0CP1CKU2WT5,Chakhumbira,,,,,,,,,Ntcheu,,
TA Champiti,4VWX73X1JHO,,0CP1CKU2WT5,Champiti,,,,,,,,,Ntcheu,,
TA Ganya,L4GHLZ3KHB3,,0CP1CKU2WT5,Ganya,,,,,,,,,Ntcheu,,
TA Gomani,7TA46X9S49F,,0CP1CKU2WT5,Gomani,,,,,,,,,Ntcheu,,
TA Kwataine,X7E5YGZZKH9,,0CP1CKU2WT5,Kwataine,,,,,,,,,Ntcheu,,
TA Makwangwala,P5040M5B3Z6,,0CP1CKU2WT5,Makwangwala,,,,,,,,,Ntcheu,,
TA Masasa,FWTL4HF6UY0,,0CP1CKU2WT5,Masasa,,,,,,,,,Ntcheu,,
TA Mpando,UXB0CFKYJ89,,0CP1CKU2WT5,Mpando,,,,,,,,,Ntcheu,,
TA Njolomole,DHZPEB6697G,,0CP1CKU2WT5,Njolomole,,,,,,,,,Ntcheu,,
TA Phambala,2Q5QFLO4480,,0CP1CKU2WT5,Phambala,,,,,,,,,Ntcheu,,
TA Chikho,7LZ27TR42YK,,EKM7K3C099P,Chikho,,,,,,,,,Ntchisi,,
TA Chilooko,34EL2N2E4A5,,EKM7K3C099P,Chilooko,,,,,,,,,Ntchisi,,
TA Kalumo,9U36W2285J4,,EKM7K3C099P,Kalumo,,,,,,,,,Ntchisi,,
TA Kasakulu,0Z8E52MN6EG,,EKM7K3C099P,Kasakulu,,,,,,,,,Ntchisi,,
TA Malenga,R2CO263XN3T,,EKM7K3C099P,Malenga,,,,,,,,,Ntchisi,,
TA Nthondo,GD41NC19L10,,EKM7K3C099P,Nthondo,,,,,,,,,Ntchisi,,
TA Vuso Jere,HZ5B91Y7Y30,,EKM7K3C099P,Vuso Jere,,,,,,,,,Ntchisi,,
Sub TA Phweremwe,4F335NSM9S6,,63SE8971XMH,Sub TA Phweremwe,,,,,,,,,Phalombe,,
TA Chiwalo,X0VU3E62QNC,,63SE8971XMH,TA Chiwalo,,,,,,,,Duplicate,Phalombe,,
STA Lulanga,8F446NSM7S7,,3D33MR4I446,STA Lulanga,,,,,,,,,,,
TA Jenala,B1ZJA98731X,,63SE8971XMH,TA Jenala,,,,,,,,,Phalombe,,
TA Kaduya,2W0Z6ND7PBY,,63SE8971XMH,TA Kaduya,,,,,,,,,Phalombe,,
TA Mkhumba,18G6S1PSYFA,,63SE8971XMH,TA Mkhumba,,,,,,,,,Phalombe,,
TA Nazombe,9W0C868U736,,63SE8971XMH,TA Nazombe,,,,,,,,,Phalombe,,
TA Nkhulambe,IIWG03M2282,,63SE8971XMH,TA Nkhulambe,,,,,,,,,Phalombe,,
STA Chapinduka,1Q4X557G6BI,,ID12CT8H1C6,Chapinduka,,,,,,,,,Rumphi,,
STA Chisovya,NH02S0ITEN6,,ID12CT8H1C6,Chisovya,,,,,,,,,Rumphi,,
STA Kachulu,ST2AB157CU3,,ID12CT8H1C6,Kachulu,,,,,,,,,Rumphi,,
TA Mwahenga,31VV7L2UUL8,,ID12CT8H1C6,Mwahenga,,,,,,,,,Rumphi,,
STA Njikula,4S4A0YQ40SS,,ID12CT8H1C6,Njikula,,,,,,,,,Rumphi,,
STA Zolokele,D34G54JIS26,,ID12CT8H1C6,Zolokele,,,,,,,,,Rumphi,,
TA Chikulamayembe,ZX463M96601,,ID12CT8H1C6,Chikulamayembe,,,,,,,,,Rumphi,,
TA Katumbi,F7O9W2U1823,,ID12CT8H1C6,Katumbi,,,,,,,,,Rumphi,,
TA Mwalweni,818VE966523,,ID12CT8H1C6,Mwalweni,,,,,,,,,Rumphi,,
TA Mwamlowe,Z08P38S4E5W,,ID12CT8H1C6,Mwamlowe,,,,,,,,,Rumphi,,
TA Mwankhunikira,GE2N62L45P4,,ID12CT8H1C6,Mwankhunikira,,,,,,,,,Rumphi,,
TA Bibi Kuluunda,5S8S6364EMN,,89O2R8M1H8R,Bibi Kuluunda,,,,,,,,,Salima,,
TA Kalonga,98ICSJ2OIC7,,89O2R8M1H8R,Kalonga,,,,,,,,,Salima,,
TA Kambalame,S28E2627UJ1,,89O2R8M1H8R,Kambalame,,,,,,,,,Salima,,
TA Kambwiri,H4VVEX2749W,,89O2R8M1H8R,Kambwiri,,,,,,,,,Salima,,
TA Khombedza,02P631EHRX0,,89O2R8M1H8R,Khombedza,,,,,,,,,Salima,,
TA Maganga,LYF81G5HBD4,,89O2R8M1H8R,Maganga,,,,,,,,,Salima,,
TA Msosa,033ZN2172P4,,89O2R8M1H8R,Msosa,,,,,,,,,Salima,,
TA Mwanza,24W63EY5CCE,,89O2R8M1H8R,Mwanza,,,,,,,,,Salima,,
TA Ndindi,7GOZA5F8LK1,,89O2R8M1H8R,Ndindi,,,,,,,,,Salima,,
TA Pemba,66LCWQ99F4U,,89O2R8M1H8R,Pemba,,,,,,,,,Salima,,
TA Bvumbwe,49387KD12M6,,6394C65X5QD,Bvumbwe,,,,,,,,,Thyolo,,
TA Changata,CDA85CEZ91B,,6394C65X5QD,Changata,,,,,,,,,Thyolo,,
TA Chimaliro,6N4WFPRH5F8,,6394C65X5QD,Chimaliro,,,,,,,,,Thyolo,,
TA Chimombo,OUL5A20E8Y3,,6394C65X5QD,Chimombo,,,,,,,,Duplicate,Thyolo,,
TA Kapichi,29KV12IFT2M,,6394C65X5QD,Kapichi,,,,,,,,,Thyolo,,
TA Khwethemule,I23D03RA9G7,,6394C65X5QD,Khwethemule,,,,,,,,,Thyolo,,
TA Mbawela,84871T4NI84,,6394C65X5QD,Mbawela,,,,,,,,,Thyolo,,
TA Mphuka,I11UBM2IE26,,6394C65X5QD,Mphuka,,,,,,,,,Thyolo,,
TA Nanseta,L560856P3A7,,6394C65X5QD,Nanseta,,,,,,,,,Thyolo,,
TA Nchilamwela,S1A3T0T0FSW,,6394C65X5QD,Nchilamwela,,,,,,,,,Thyolo,,
TA Ngolongoliwa,YAM05T7JH12,,6394C65X5QD,Ngolongoliwa,,,,,,,,,Thyolo,,
TA Nsabwe,4SIZMQ0OMYE,,6394C65X5QD,Nsabwe,,,,,,,,,Thyolo,,
TA Thomas,TTV853Z0G6O,,6394C65X5QD,Thomas,,,,,,,,,Thyolo,,
STA Ngwelero,7989GTID6CI,,99E3D38Q60Z,Ngwelero,,,,,,,,,Zomba,,
STA Nkagula,0WB3VN0Z9I1,,99E3D38Q60Z,Nkagula,,,,,,,,,Zomba,,
STA Nkapita,6D6YYOLPL4Y,,99E3D38Q60Z,Nkapita,,,,,,,,,Zomba,,
STA Ntholowa,58T66MV2823,,99E3D38Q60Z,Ntholowa,,,,,,,,,Zomba,,
TA Chikowi,9ZLQK0YN6HC,,99E3D38Q60Z,Chikowi,,,,,,,,,Zomba,,
TA Kuntumanji,LKYFS96180R,,99E3D38Q60Z,Kuntumanji,,,,,,,,,Zomba,,
TA Malemia,50CQ7Q791XB,,99E3D38Q60Z,Malemia,,,,,,,,Duplicate,Zomba,,
TA Mbiza,YO3X3149CU6,,99E3D38Q60Z,Mbiza,,,,,,,,,Zomba,,
TA Mkumbira,MOA2BJ97Q32,,99E3D38Q60Z,Mkumbira,,,,,,,,,Zomba,,
TA Mlumbe,FZY688IVS8Q,,99E3D38Q60Z,Mlumbe,,,,,,,,Duplicate,Zomba,,
TA Mwambo,B085QPAH5FO,,99E3D38Q60Z,Mwambo,,,,,,,,,Zomba,,
Mwima Health Centre,iQmvSbGhycA,,V33E79I4PWI,Mwima Health Centre,,,,,,,,,,,
Namanolo Health Centre,spgBSrohYPo,,V33E79I4PWI,Namanolo Health Centre,,,,,,,,,,,
Chamwabvi Dispensary,nN7JVSObAf7,,VQQ7Z94VD2B,Chamwabvi Dispensary,,,,,,,,,,,
Amalika Dispensary,lIGQGBEICWx,,49387KD12M6,Amalika Dispensary,,,,,,,,,,,
Bvumbwe Health Centre,c2h7xIrYLsw,,49387KD12M6,Bvumbwe Health Centre,,,,,,,,,,,
Bvumbwe Research Health Centre,rhk8NxfYxDu,,49387KD12M6,Bvumbwe Research Health Centre,,,,,,,,,,,
Makungwa Health Centre(Bvumbwe),q3B88KiRZ72,,49387KD12M6,Makungwa Health Centre(Bvumbwe),,,,,,,,,,,
Naming'omba estate clinic,VLJsrQrzivg,,49387KD12M6,Naming'omba estate clinic,,,,,,,,,,,
Thunga Health Centre,RCNInuIslmh,,49387KD12M6,Thunga Health Centre,,,,,,,,,,,
Mkumba Health Centre,XQ14A9f2j8N,,8PB3K29SYOB,Mkumba Health Centre,,,,,,,,,,,
Mulibwanji Hospital,GjCDed8EK8B,,8PB3K29SYOB,Mulibwanji Hospital,,,,,,,,,,,
Nancholi Dispensary,Q90Za7zl8zB,,8PB3K29SYOB,Nancholi Dispensary,,,,,,,,,,,
Nangalamu Health Centre,xSi6MZN3hAK,,8PB3K29SYOB,Nangalamu Health Centre,,,,,,,,,,,
Sinyala Dispensary,OojoWe533hy,,8PB3K29SYOB,Sinyala Dispensary,,,,,,,,,,,
Somba Health Centre,HrORTH4UNrp,,8PB3K29SYOB,Somba Health Centre,,,,,,,,,,,
Bunda Clinic,sTbvB4c8oX1,,007NJNPFT79,Bunda Clinic,,,,,,,,,,,
Chadza Health Centre,cnyjtiMcC1D,,007NJNPFT79,Chadza Health Centre,,,,,,,,,,,
Katchale Health Centre,SUO29yrjbH4,,007NJNPFT79,Katchale Health Centre,,,,,,,,,,,
Maluwa Health Centre,LL3TLeE40xi,,007NJNPFT79,Maluwa Health Centre,,,,,,,,,,,
Bowe Health Centre,glIscvEdIJz,,9U6PI2V2SO6,Bowe Health Centre,,,,,,,,,,,
Chakhaza Health Centre,SL1ePpPFaki,,9U6PI2V2SO6,Chakhaza Health Centre,,,,,,,,,,,
Chinkhwiri Health Centre,RTw32nxbRoB,,9U6PI2V2SO6,Chinkhwiri Health Centre,,,,,,,,,,,
Chizolowondo Health Centre,e1HOrMxNhpf,,9U6PI2V2SO6,Chizolowondo Health Centre,,,,,,,,,,,
Kasese Health centre,JX6hyvnBrlF,,9U6PI2V2SO6,Kasese Health centre,,,,,,,,,,,
Madisi Hospital,g9wv1lKcdzp,,9U6PI2V2SO6,Madisi Hospital,,,,,,,,,,,
Chigodi Health Centre,ShsLuR0OWt2,,35V81XW7592,Chigodi Health Centre,,,,,,,,,,,
Lizulu Health Centre,yZVsJTXGxyZ,,35V81XW7592,Lizulu Health Centre,,,,,,,,,,,
Mlanda Health Centre,IvqvjIvVBaK,,35V81XW7592,Mlanda Health Centre,,,,,,,,,,,
Chaone Health Centre,AalwV4ZrGDO,,32XR93ZSM8D,Chaone Health Centre,,,,,,,,,,,
Chamba Health Centre (Machinga),lNsSSuNKbIP,,32XR93ZSM8D,Chamba Health Centre (Machinga),,,,,,,,,,,
Champiti Health Centre,l86AxfTg26J,,4VWX73X1JHO,Champiti Health Centre,,,,,,,,,,,
Nsipe Health Centre,DZq9bb4C1Jn,,4VWX73X1JHO,Nsipe Health Centre,,,,,,,,,,,
Changata Health Centre,SnNGsSfYB0h,,CDA85CEZ91B,Changata Health Centre,,,,,,,,,,,
St Martins Molere Health Centre,POK4qrJEUda,,CDA85CEZ91B,St Martins Molere Health Centre,,,,,,,,,,,
Kankao Health Centre,HmTVrgdnucu,,3V04J8FH956,Kankao Health Centre,,,,,,,,,,,
Tsoyo Dispensary,NZE1wxbWvTa,,MN00DF0G7H0,Tsoyo Dispensary,,,,,,,,,,,
Fpam Clinic Neno,niuHkgX6xQs,,H67UVZ808Q3,Fpam Clinic Neno,,,,,,,,,,,
Matandani Health Centre,JKAFWLrwdji,,H67UVZ808Q3,Matandani Health Centre,,,,,,,,,,,
Neno District Hospital,Rmh4wKR794k,,H67UVZ808Q3,Neno District Hospital,,,,,,,,,,,
Mdeka Health Centre,fQCAaNl0UMA,,H3JXZVC1E7O,Mdeka Health Centre,,,,,,,,,,,
Blm Zomba,ODxMk91ZMph,,9ZLQK0YN6HC,Blm Zomba,,,,,,,,,,,
City Clinic Zomba,DMxPrQcg4z4,,9ZLQK0YN6HC,City Clinic Zomba,,,,,,,,,,,
Lambulira Health Centre,fDKWlLdMpdy,,9ZLQK0YN6HC,Lambulira Health Centre,,,,,,,,,,,
Magomero Health Centre,MfSWVpArbHS,,9ZLQK0YN6HC,Magomero Health Centre,,,,,,,,,,,
Mayaka Health Centre,JQgSk2DFvqZ,,9ZLQK0YN6HC,Mayaka Health Centre,,,,,,,,,,,
Namikango Health Centre,AWytIG2qdwP,,9ZLQK0YN6HC,Namikango Health Centre,,,,,,,,,,,
Police Hospital,QwBJxR5kKa1,,9ZLQK0YN6HC,Police Hospital,,,,,,,,,,,
Sadzi Health Centre,BuyHhYha5dP,,9ZLQK0YN6HC,Sadzi Health Centre,,,,,,,,,,,
Thondwe Health Centre,WSD1egGlSlf,,9ZLQK0YN6HC,Thondwe Health Centre,,,,,,,,,,,
Blm Rumphi,x8xrWAL5gAZ,,ZX463M96601,Blm Rumphi,,,,,,,,,,,
Bolero Rural Hospital,Oc3g2Wv2s5M,,ZX463M96601,Bolero Rural Hospital,,,,,,,,,,,
Eva Demaya Centre,crKYTgv7r7B,,ZX463M96601,Eva Demaya Centre,,,,,,,,,,,
Mwazisi Health Centre,JeN3ydrU4lR,,ZX463M96601,Mwazisi Health Centre,,,,,,,,,,,
Rumphi District Hospital,ELlvUH7sci2,,ZX463M96601,Rumphi District Hospital,,,,,,,,,,,
St Patricks Health Centre(Rumphi),F5rBhJR8YzL,,ZX463M96601,St Patricks Health Centre(Rumphi),,,,,,,,,,,
Chisitu Health Centre,PWPeexIOdmn,,TW8T0D43D1S,Chisitu Health Centre,,,,,,,,,,,
Mbiza Health Centre,dmGyp0vetoz,,TW8T0D43D1S,Mbiza Health Centre,,,,,,,,,,,
Mulanje Mission Hospital,MKIDkeCfVCc,,TW8T0D43D1S,Mulanje Mission Hospital,,,,,,,,,,,
Chikweo Health Centre,teLlh1E6CxB,,F4C7HSZQ0M2,Chikweo Health Centre,,,,,,,,,,,
Mzandu Health Centre,zbzy1EAHemL,,7LZ27TR42YK,Mzandu Health Centre,,,,,,,,,,,
Kanyezi Health Centre,U6sLs3tOzpC,,NKGQ1Z4O1Y2,Kanyezi Health Centre,,,,,,,,,,,
Matumba Health Centre,I5QjWlvvwsI,,NKGQ1Z4O1Y2,Matumba Health Centre,,,,,,,,,,,
Mdeza Dispensary,jJwUNjSxgTS,,NKGQ1Z4O1Y2,Mdeza Dispensary,,,,,,,,,,,
Chilipa Health Centre (Mangochi),fwUSM7rJllv,,3O3I018J45Z,Chilipa Health Centre (Mangochi),,,,,,,,,,,
Kapire Dream Centre,TZ4Ea3gK3yA,,3O3I018J45Z,Kapire Dream Centre,,,,,,,,,,,
Kapire Health Centre,bOzeauFIWQA,,3O3I018J45Z,Kapire Health Centre,,,,,,,,,,,
Phirilongwe Health Centre,IXMfufQaORA,,3O3I018J45Z,Phirilongwe Health Centre,,,,,,,,,,,
Chinguluwe Health Centre (Ntchisi),Pl1TeNOgCAr,,34EL2N2E4A5,Chinguluwe Health Centre (Ntchisi),,,,,,,,,,,
Malambo Health Centre,kcEdNoW9QOb,,34EL2N2E4A5,Malambo Health Centre,,,,,,,,,,,
Malomo Health Centre,mxfexio2lQ4,,34EL2N2E4A5,Malomo Health Centre,,,,,,,,,,,
Chimaliro Health Centre,WraUiby57xZ,,6N4WFPRH5F8,Chimaliro Health Centre,,,,,,,,,,,
Chimvu Health Centre,G5HX22BSHz2,,6N4WFPRH5F8,Chimvu Health Centre,,,,,,,,,,,
Chingazi Health Centre,mTERmNgVCmE,,6N4WFPRH5F8,Chingazi Health Centre,,,,,,,,,,,
Chisoka Health Center,Lb0qop7gLSH,,6N4WFPRH5F8,Chisoka Health Center,,,,,,,,,,,
Chisoka Health Centre,T3MNLfsBtT4,,6N4WFPRH5F8,Chisoka Health Centre,,,,,,,,,,,
Mangunda Health Centre,jkGTBAmFE1b,,6N4WFPRH5F8,Mangunda Health Centre,,,,,,,,,,,
Mikolongwe Health Centre,ZEhFEU99s7M,,6N4WFPRH5F8,Mikolongwe Health Centre,,,,,,,,,,,
Kamphata Dispensary,DzmTX22yCZc,,FZ7UL9IEJW0,Kamphata Dispensary,,,,,,,,,,,
Adventist Health Centre,E3kLgwow7On,,XU095M9YQ2Z,Adventist Health Centre,,,,,,,,,,,
Area 18 Medi Clinic,sXNwy8bRFub,,XU095M9YQ2Z,Area 18 Medi Clinic,,,,,,,,,,,
Area 18 Urban Health Centre,h2ls2FUTYDc,,XU095M9YQ2Z,Area 18 Urban Health Centre,,,,,,,,,,,
Area 30 Police Clinic,LAO8ozAkDKO,,XU095M9YQ2Z,Area 30 Police Clinic,,,,,,,,,,,
Chiwamba Health Centre,RDvTBoMA8m4,,XU095M9YQ2Z,Chiwamba Health Centre,,,,,,,,,,,
Lingadzi Private Clinic,no3kcRH6rEJ,,XU095M9YQ2Z,Lingadzi Private Clinic,,,,,,,,,,,
Masm Area 43,tqyiGsEE1FJ,,XU095M9YQ2Z,Masm Area 43,,,,,,,,,,,
Masm Medi Clinic Lilongwe,g9sKqV981QU,,XU095M9YQ2Z,Masm Medi Clinic Lilongwe,,,,,,,,,,,
Mseche Clinic,kEalcH7WPX0,,XU095M9YQ2Z,Mseche Clinic,,,,,,,,,,,
St. John of God Mental Hospital (Lilongwe),yftleYsvzyI,,XU095M9YQ2Z,St. John of God Mental Hospital (Lilongwe),,,,,,,,,,,
Kukalanga Dispensary,QOSmQ9gyzBp,,S165C44Y388,Kukalanga Dispensary,,,,,,,,,,,
Mtimabii Health Centre,U0L0TzkTg4Y,,S165C44Y388,Mtimabii Health Centre,,,,,,,,,,,
Bulala Health Centre,hDkZbRiskMg,,4L4NFFN7GQ5,Bulala Health Centre,,,,,,,,,,,
Endindeni Health Centre,J3iNTezM5iw,,4L4NFFN7GQ5,Endindeni Health Centre,,,,,,,,,,,
Euthini Rural Hospital,a7zgH8mf2GX,,4L4NFFN7GQ5,Euthini Rural Hospital,,,,,,,,,,,
Madede Health Centre,p3frzwQQnXF,,4L4NFFN7GQ5,Madede Health Centre,,,,,,,,,,,
Mbalachanda Health Centre,aLanDLYSxOP,,4L4NFFN7GQ5,Mbalachanda Health Centre,,,,,,,,,,,
Mtende Health Centre,o0hX9ak46oU,,4L4NFFN7GQ5,Mtende Health Centre,,,,,,,,,,,
Mzalangwe Health Centre,tca66OfpOph,,4L4NFFN7GQ5,Mzalangwe Health Centre,,,,,,,,,,,
Mzambazi Rural Hospital,L0obMixrYsw,,4L4NFFN7GQ5,Mzambazi Rural Hospital,,,,,,,,,,,
Ng'onga Health Centre,CyLPblDfB5N,,NH02S0ITEN6,Ng'onga Health Centre,,,,,,,,,,,
Gogode Health Centre,HcsIEmls8R2,,K9UXZP3U58N,Gogode Health Centre,,,,,,,,,,,
Chimbalanga Health Centre,JCrM0zdamqT,,TH73U2MEZA2,Chimbalanga Health Centre,,,,,,,,,,,
Chitera Health Centre,mxsHHN4zZft,,46X1JPLNZZV,Chitera Health Centre,,,,,,,,,,,
Namadzi Health Centre,bthDRjgyzgo,,46X1JPLNZZV,Namadzi Health Centre,,,,,,,,,,,
Alliance One Clinic,wDyK6ODo0vg,,43J60W92X58,Alliance One Clinic,,,,,,,,,,,
Area 25 Banja La Mtsogolo Dispensary,CbwhI6UruPB,,43J60W92X58,Area 25 Banja La Mtsogolo Dispensary,,,,,,,,,,,
Area 25 Urban Health Centre,mFfOvxjq4y2,,43J60W92X58,Area 25 Urban Health Centre,,,,,,,,,,,
Auction Holdings Clinic Kanengo,RpvcgQPC14I,,43J60W92X58,Auction Holdings Clinic Kanengo,,,,,,,,,,,
Bethsaida Private Hospital,zdVWMYRfufn,,43J60W92X58,Bethsaida Private Hospital,,,,,,,,,,,
Blessings Hospital,Y8mjMFSYoPw,,43J60W92X58,Blessings Hospital,,,,,,,,,,,
Carlsberg / Sobo Clinic Lilongwe,RgWEk9xdDv2,,43J60W92X58,Carlsberg / Sobo Clinic Lilongwe,,,,,,,,,,,
Central Health Clinic Area 47,IFUSwNgJdi7,,43J60W92X58,Central Health Clinic Area 47,,,,,,,,,,,
Daeyang Luke Hospital,LKsJWFXsxOB,,43J60W92X58,Daeyang Luke Hospital,,,,,,,,,,,
Dzenza Health Centre,hpUbeZgjQkx,,43J60W92X58,Dzenza Health Centre,,,,,,,,,,,
Gika Clinic,VGwB7sXLiHF,,43J60W92X58,Gika Clinic,,,,,,,,,,,
Jti Leaf Clinic Kanengo,PekPpdgGi9g,,43J60W92X58,Jti Leaf Clinic Kanengo,,,,,,,,,,,
Kanengo Tobacco Processors Clinic,PKEeM8l1Sym,,43J60W92X58,Kanengo Tobacco Processors Clinic,,,,,,,,,,,
Limbe Leaf Tobacco Clinic Lilongwe,IEPmsKQJaGW,,43J60W92X58,Limbe Leaf Tobacco Clinic Lilongwe,,,,,,,,,,,
Lumbadzi Health Centre,UrNi47KXEKp,,43J60W92X58,Lumbadzi Health Centre,,,,,,,,,,,
Mbang'ombe 1 Health Centre,AsETHxlmpIL,,43J60W92X58,Mbang'ombe 1 Health Centre,,,,,,,,,,,
Ngoni Health Centre,U1sHpxxw4WH,,43J60W92X58,Ngoni Health Centre,,,,,,,,,,,
Nainunje Health Centre,UlGsSjoERdc,,B2F65T8N48Q,Nainunje Health Centre,,,,,,,,,,,
Chezi Dispensary,salIVfMt9RA,,402JUMO4195,Chezi Dispensary,,,,,,,,,,,
Grace Health Centre,v1vDgkOvZ0w,,402JUMO4195,Grace Health Centre,,,,,,,,,,,
Mvera Mission Health Centre,QKnbzIuwFb6,,402JUMO4195,Mvera Mission Health Centre,,,,,,,,,,,
Mvera Support Battalion Health Centre,aockNsOfjIt,,402JUMO4195,Mvera Support Battalion Health Centre,,,,,,,,,,,
Nalunga Health Centre,jcUguNrYDmp,,402JUMO4195,Nalunga Health Centre,,,,,,,,,,,
Thonje Health Centre,V75SGRWLZNR,,402JUMO4195,Thonje Health Centre,,,,,,,,,,,
Chikole Dispensary,KjntOeutm1x,,1RKXGWZNOL7,Chikole Dispensary,,,,,,,,,,,
Chiunda Dispensary,y87TEluIKWT,,1RKXGWZNOL7,Chiunda Dispensary,,,,,,,,,,,
Malombe Dispensary,n9kEwAvGSIu,,1RKXGWZNOL7,Malombe Dispensary,,,,,,,,,,,
Malukula Health Centre,dOgr5wPfLaq,,1RKXGWZNOL7,Malukula Health Centre,,,,,,,,,,,
Mase Health Centre,c8uCPvKeeEM,,1RKXGWZNOL7,Mase Health Centre,,,,,,,,,,,
St Martin Hospital,RfcuOXpbcam,,1RKXGWZNOL7,St Martin Hospital,,,,,,,,,,,
Dambe Health Centre,EiLdri7MySb,,4S210XR3897,Dambe Health Centre,,,,,,,,,,,
Neno Parish Health Centre,I4Vox6oteWl,,4S210XR3897,Neno Parish Health Centre,,,,,,,,,,,
Nsambe Sda Health Centre,HxziIaDjatq,,4S210XR3897,Nsambe Sda Health Centre,,,,,,,,,,,
Dzoole Health Centre,lykzV97DJgq,,M4GG9DX5351,Dzoole Health Centre,,,,,,,,,,,
Kachere Health Centre,veqbrdZo1K1,,S27G2AI7MD1,Kachere Health Centre,,,,,,,,,,,
Mwaya Health Centre,aqRm9wq0aIA,,S27G2AI7MD1,Mwaya Health Centre,,,,,,,,,,,
Bwanje Health Centre,LqUvHvI2ifc,,L4GHLZ3KHB3,Bwanje Health Centre,,,,,,,,,,,
Ganya Health Centre,eWHvY4VmR4R,,L4GHLZ3KHB3,Ganya Health Centre,,,,,,,,,,,
Kandeu Health Centre,QIjZYskL19K,,L4GHLZ3KHB3,Kandeu Health Centre,,,,,,,,,,,
Kasinje Health Centre,kW3Ro43YXwB,,L4GHLZ3KHB3,Kasinje Health Centre,,,,,,,,,,,
Sharpe Valley Health Centre,Wwu7pZG2KuR,,L4GHLZ3KHB3,Sharpe Valley Health Centre,,,,,,,,,,,
Gumba Dispensary,qUpaRCpnoux,,5LH40K3XAFE,Gumba Dispensary,,,,,,,,,,,
Chiponde Health Centre (Mangochi),VphQvehsaVR,,9RKXGWZNOL5,Chiponde Health Centre (Mangochi),,,,,,,,,,,
Chiumbangame Health Centre,ybAxvKHkzhK,,9RKXGWZNOL5,Chiumbangame Health Centre,,,,,,,,,,,
Jalasi Health Centre,s935PXX4rN2,,9RKXGWZNOL5,Jalasi Health Centre,,,,,,,,,,,
Mama Khadija Private ClinicNamwera,xdPgIAQLQ6L,,9RKXGWZNOL5,Mama Khadija Private ClinicNamwera,,,,,,,,,,,
Namwera Health Centre,SjXKV0RvdBG,,9RKXGWZNOL5,Namwera Health Centre,,,,,,,,,,,
Sr Marthas Health Centre,hwx0GuqLuBN,,9RKXGWZNOL5,Sr Marthas Health Centre,,,,,,,,,,,
Bwengu Health Centre,jn7xfbY43dS,,DTT256S181H,Bwengu Health Centre,,,,,,,,,,,
Luzi Health Centre,p9HxhQYtEuW,,DTT256S181H,Luzi Health Centre,,,,,,,,,,,
Mwanga Health Centre,Js5P9ZU5K6r,,B1ZJA98731X,Mwanga Health Centre,,,,,,,,,,,
Chitekesa Health Centre,u4mqH5iShLL,,B1ZJA98731X,Chitekesa Health Centre,,,,,,,,,,,
Mkhwayi Health Centre,tRNfX43j5Mv,,B1ZJA98731X,Mkhwayi Health Centre,,,,,,,,,,,
Namphungo Health Centre,PxkHQqgxweP,,KXSQMKWZE7Y,Namphungo Health Centre,,,,,,,,,,,
Namulenga Health Centre,uLVlUIL4rlD,,KXSQMKWZE7Y,Namulenga Health Centre,,,,,,,,,,,
Nkomaula Health Centre,PY3CbMBy53P,,KXSQMKWZE7Y,Nkomaula Health Centre,,,,,,,,,,,
Thuchila Health Centre,xIfDdYzRS5G,,KXSQMKWZE7Y,Thuchila Health Centre,,,,,,,,,,,
Chikowa Health Centre (Lilongwe),TJjz5jiFlqF,,472479L047R,Chikowa Health Centre (Lilongwe),,,,,,,,,,,
Kabudula Rural Hospital,O6y74hiWU9z,,472479L047R,Kabudula Rural Hospital,,,,,,,,,,,
Nambuma Health Centre,qlkyWX9EEaw,,472479L047R,Nambuma Health Centre,,,,,,,,,,,
Nsaru Health Centre,lxulWQBn6fT,,472479L047R,Nsaru Health Centre,,,,,,,,,,,
Ukwe Health Centre,Q8nVnVo1NOY,,472479L047R,Ukwe Health Centre,,,,,,,,,,,
Chesamu Health Centre,zxDIIqsUrk8,,2C0IC59RAI2,Chesamu Health Centre,,,,,,,,,,,
Chitheka Health Centre,Sf6KvkaT3UQ,,2C0IC59RAI2,Chitheka Health Centre,,,,,,,,,,,
Kavuzi Health Centre,g7LNUVG1pQA,,2C0IC59RAI2,Kavuzi Health Centre,,,,,,,,,,,
Kawalazi Plantation Clinic,UT6ad8gmKjC,,2C0IC59RAI2,Kawalazi Plantation Clinic,,,,,,,,,,,
Mzenga Health Centre,DCafjM4Ew3G,,2C0IC59RAI2,Mzenga Health Centre,,,,,,,,,,,
Nthungwa Health Centre,qXonH3FiBYn,,2C0IC59RAI2,Nthungwa Health Centre,,,,,,,,,,,
Mbera Health Centre,vHwtNk0Bvmi,,8XGS755Z896,Mbera Health Centre,,,,,,,,,,,
Chimoto Health Centre,VbO2d6WVW6Q,,397684946R6,Chimoto Health Centre,,,,,,,,,,,
Kafele Health Centre,LGvOkReAslr,,397684946R6,Kafele Health Centre,,,,,,,,,,,
Lobi Health Centre,yEDgnTigUVO,,397684946R6,Lobi Health Centre,,,,,,,,,,,
Maonde Health Centre,YK6aK071R8v,,397684946R6,Maonde Health Centre,,,,,,,,,,,
Mikondo Dispensary,fQgxgDx2iHA,,397684946R6,Mikondo Dispensary,,,,,,,,,,,
Mlangali Dispensary,a6eACcAs40A,,397684946R6,Mlangali Dispensary,,,,,,,,,,,
Mphathi Health Centre,KCFtEvMrZ3Z,,397684946R6,Mphathi Health Centre,,,,,,,,,,,
Mphunzi Health Centre,eXOvuYIG9YP,,397684946R6,Mphunzi Health Centre,,,,,,,,,,,
Mtendere Health Centre,r0KnLCBcTr3,,397684946R6,Mtendere Health Centre,,,,,,,,,,,
Tiyese Private Maternity,lrb5YjvXHcf,,397684946R6,Tiyese Private Maternity,,,,,,,,,,,
Golomoti Health Centre,DuvCctg3dhx,,4FP252BPJCI,Golomoti Health Centre,,,,,,,,,,,
Kachindamoto Dispensary,UoujHkWWWBq,,4FP252BPJCI,Kachindamoto Dispensary,,,,,,,,,,,
Kaundu Health Centre,H0sBidyA6PK,,4FP252BPJCI,Kaundu Health Centre,,,,,,,,,,,
Mganja Maternity,qb1Mj9bHSca,,4FP252BPJCI,Mganja Maternity,,,,,,,,,,,
Mtakataka Health Centre,wtmWonh9GZt,,4FP252BPJCI,Mtakataka Health Centre,,,,,,,,,,,
Mtakataka Police Health Centre,Fo4Nu1Khoqq,,4FP252BPJCI,Mtakataka Police Health Centre,,,,,,,,,,,
Mua Mission Hospital,niNbaFnNCgp,,4FP252BPJCI,Mua Mission Hospital,,,,,,,,,,,
Nakalanzi Health Centre,yRUuIksTiLm,,4FP252BPJCI,Nakalanzi Health Centre,,,,,,,,,,,
Jalawe Health Centre,rWDOWogc1O7,,ST2AB157CU3,Jalawe Health Centre,,,,,,,,,,,
Lura Health Centre,E1n8QFnk7M2,,ST2AB157CU3,Lura Health Centre,,,,,,,,,,,
Ndunde Health Centre,YxzE6eiZh7V,,W166PHV8H21,Ndunde Health Centre,,,,,,,,,,,
Kalinde Health Centre,uzaw4ubBdwd,,2W0Z6ND7PBY,Kalinde Health Centre,,,,,,,,,,,
Migowi Health Centre,PHIvzmuxq0q,,2W0Z6ND7PBY,Migowi Health Centre,,,,,,,,,,,
Dwambazi Rural Hospital,GFQSwXAzql8,,1QWO8787070,Dwambazi Rural Hospital,,,,,,,,,,,
Kasitu Dispensary,qX2CrzT4TL1,,1QWO8787070,Kasitu Dispensary,,,,,,,,,,,
Kalembo Health Centre,KNQ4RzNnZ6v,,LJO359U35WF,Kalembo Health Centre,,,,,,,,,,,
Nandumbo Health Centre,tVpkUqyzg60,,LJO359U35WF,Nandumbo Health Centre,,,,,,,,,,,
Ulongwe Health Centre,GlTM0PVLNMX,,LJO359U35WF,Ulongwe Health Centre,,,,,,,,,,,
Child Legacy Health Centre,jg1ZTgMBMGt,,JF0M8MT8W8D,Child Legacy Health Centre,,,,,,,,,,,
Chileka Health Centre (Lilongwe),iiBtWzxLMUo,,JF0M8MT8W8D,Chileka Health Centre (Lilongwe),,,,,,,,,,,
Chiwe Health Centre,vCGIve5RtyE,,JF0M8MT8W8D,Chiwe Health Centre,,,,,,,,,,,
Lemwe Health Centre,HRNjqusGvXx,,JF0M8MT8W8D,Lemwe Health Centre,,,,,,,,,,,
Mbang'ombe 2 Health Centre,rX8JkNx4U0A,,JF0M8MT8W8D,Mbang'ombe 2 Health Centre,,,,,,,,,,,
Mc Quire Wellness Health Centre,cPOF4KdmFAR,,JF0M8MT8W8D,Mc Quire Wellness Health Centre,,,,,,,,,,,
Ming'Ongo Health Centre,MCQRoU5bKZ7,,JF0M8MT8W8D,Ming'Ongo Health Centre,,,,,,,,,,,
Nthondo Health Centre (Lilongwe),yzgU0YKoHnq,,JF0M8MT8W8D,Nthondo Health Centre (Lilongwe),,,,,,,,,,,
St Gabriels Hospital,M438IpmrFy5,,JF0M8MT8W8D,St Gabriels Hospital,,,,,,,,,,,
Kakwale Health Centre,fhlpdEEnGrQ,,31BT84662UN,Kakwale Health Centre,,,,,,,,,,,
Kaluluma Rural Hospital,BOEaJ4eqVC9,,31BT84662UN,Kaluluma Rural Hospital,,,,,,,,,,,
Newa / Mpasazi Health Centre,XkcRltXu9tK,,31BT84662UN,Newa / Mpasazi Health Centre,,,,,,,,,,,
Chimwala Dispensary,REoFvVbcLG0,,C4R0XWQSZQT,Chimwala Dispensary,,,,,,,,,,,
Mtenthera Health Centre,TIa8uoFjhcd,,C4R0XWQSZQT,Mtenthera Health Centre,,,,,,,,,,,
Nyanja Health Centre,BoFpWeZOB2l,,C4R0XWQSZQT,Nyanja Health Centre,,,,,,,,,,,
Khuwi Health Centre,RgHJHBTtszj,,9U36W2285J4,Khuwi Health Centre,,,,,,,,,,,
Mkhuzi Health Centre,K4fSBUiEBEX,,9U36W2285J4,Mkhuzi Health Centre,,,,,,,,,,,
Ntchisi District Hospital,qXwx6gQyNBv,,9U36W2285J4,Ntchisi District Hospital,,,,,,,,,,,
Kameme Health Centre,gil9su99LXX,,073Q6GI82E1,Kameme Health Centre,,,,,,,,,,,
Bembeke Health Centre,spQpsut9f1B,,E09H66L0351,Bembeke Health Centre,,,,,,,,,,,
Dedza District Hospital,K5sEB29YW3W,,E09H66L0351,Dedza District Hospital,,,,,,,,,,,
Chikangawa Health Centre,eEEYKm78UBf,,2IU45WX7K72,Chikangawa Health Centre,,,,,,,,,,,
Lunjika Health Centre,ssMcu8y2Kf3,,2IU45WX7K72,Lunjika Health Centre,,,,,,,,,,,
Lusangazi Dispensary,npu0OQlvf8P,,2IU45WX7K72,Lusangazi Dispensary,,,,,,,,,,,
Matuli Health Centre,WIiA3ENQI5A,,2IU45WX7K72,Matuli Health Centre,,,,,,,,,,,
Padley Pio Health Centre,ZqRS6PkibPM,,2IU45WX7K72,Padley Pio Health Centre,,,,,,,,,,,
Raiply Clinic,G6HYLoDmHdT,,2IU45WX7K72,Raiply Clinic,,,,,,,,,,,
Raiply Dispensary,uOxLo7wYTRA,,2IU45WX7K72,Raiply Dispensary,,,,,,,,,,,
Dwangwa Cane Growers Limited Dispensary,w6VRxc89b5K,,99SQ449VSE9,Dwangwa Cane Growers Limited Dispensary,,,,,,,,,,,
Kaongozi Dispensary,eK4PmFIrpY5,,99SQ449VSE9,Kaongozi Dispensary,,,,,,,,,,,
Katimbila Health Centre,Fz0tDlXVsn3,,99SQ449VSE9,Katimbila Health Centre,,,,,,,,,,,
Liwaladzi Health Centre,TwUljmbTv4b,,99SQ449VSE9,Liwaladzi Health Centre,,,,,,,,,,,
Matiki Health Centre,bfDs0dTM81U,,99SQ449VSE9,Matiki Health Centre,,,,,,,,,,,
Mazunga Private Clinic,xNJfdetFsOO,,99SQ449VSE9,Mazunga Private Clinic,,,,,,,,,,,
Msenjere Health Centre,dE9wie8cYJB,,99SQ449VSE9,Msenjere Health Centre,,,,,,,,,,,
Ngala Health Centre,tTaiG5Qrcyr,,99SQ449VSE9,Ngala Health Centre,,,,,,,,,,,
Nkhunga Health Centre,RQX6rnfUsBD,,99SQ449VSE9,Nkhunga Health Centre,,,,,,,,,,,
Dwangwa Health Centre,n89uKexauZq,,0MKT2O18F33,Dwangwa Health Centre,,,,,,,,,,,
Fpam Clinic Kasungu,lcGa2ZnUlen,,0MKT2O18F33,Fpam Clinic Kasungu,,,,,,,,,,,
Kalikeni Private Clinic,GcRdYduUYh0,,0MKT2O18F33,Kalikeni Private Clinic,,,,,,,,,,,
Kasalika Dispensary,TrYObnlA8UT,,0MKT2O18F33,Kasalika Dispensary,,,,,,,,,,,
Kapelula Health Centre,dy2GeuSwyIq,,1K9J182T334,Kapelula Health Centre,,,,,,,,,,,
Blantyre City Assembly Clinic,kAU4FFex0Pa,,10S9F354W40,Blantyre City Assembly Clinic,,,,,,,,,,,
Blantyre Civic Centre Dispensary,PlWhhBj3LXE,,10S9F354W40,Blantyre Civic Centre Dispensary,,,,,,,,,,,
Blantyre DHO Mobile Clinic,SSD4mvMj5fu,,10S9F354W40,Blantyre DHO Mobile Clinic,,,,,,,,,,,
Blantyre Dream Project,BYyTYjcnELU,,10S9F354W40,Blantyre Dream Project,,,,,,,,,,,
Blantyre Water Board Clinic,mHcl2OS43ah,,10S9F354W40,Blantyre Water Board Clinic,,,,,,,,,,,
BLM Family Planning Clinic,oqM5ZFHyymE,,10S9F354W40,BLM Family Planning Clinic,,,,,,,,,,,
Blm Lunzu,ILDhbeuLBtX,,10S9F354W40,Blm Lunzu,,,,,,,,,,,
Carlsberg / Sobo ClinicBlantyre,Lx9CrjbHms2,,10S9F354W40,Carlsberg / Sobo ClinicBlantyre,,,,,,,,,,,
Central East African Railways Clinic,LcMpQWnS27k,,10S9F354W40,Central East African Railways Clinic,,,,,,,,,,,
Chichiri Escom Clinic,uMLl8OkWfHS,,10S9F354W40,Chichiri Escom Clinic,,,,,,,,,,,
Chichiri Prison,vlYFnmt9KW7,,10S9F354W40,Chichiri Prison,,,,,,,,,,,
Chichiri Prison Clinic,UkdRIbdSZw5,,10S9F354W40,Chichiri Prison Clinic,,,,,,,,,,,
Chitawira Private Hospital,mTaqm2jDRGp,,10S9F354W40,Chitawira Private Hospital,,,,,,,,,,,
COPRED,w2BaEat71Qr,,10S9F354W40,COPRED,,,,,,,,,,,
Dream,xhINxzjVJ0c,,10S9F354W40,Dream,,,,,,,,,,,
El-barakah Private Clinic,NFzZGVmGCoN,,10S9F354W40,El-barakah Private Clinic,,,,,,,,,,,
Gate way Clinic,rBhHYqxxhyM,,10S9F354W40,Gate way Clinic,,,,,,,,,,,
Ginnery Corner BLM,ZatKYtoIX0O,,10S9F354W40,Ginnery Corner BLM,,,,,,,,,,,
Kadidi Health Centre,cLY2A4m8Jn0,,10S9F354W40,Kadidi Health Centre,,,,,,,,,,,
Kanjedza Police Clinic,Phf46V2Gghq,,10S9F354W40,Kanjedza Police Clinic,,,,,,,,,,,
Kapeni Dream Centre,NvxhlNwKlXK,,10S9F354W40,Kapeni Dream Centre,,,,,,,,,,,
Lafarge Cement Clinic,JDVeTXJTAq1,,10S9F354W40,Lafarge Cement Clinic,,,,,,,,,,,
Limbe Diagnostic Centre,VDhjuZZi4GG,,10S9F354W40,Limbe Diagnostic Centre,,,,,,,,,,,
Limbe Health Centre,KVxcc4baK2p,,10S9F354W40,Limbe Health Centre,,,,,,,,,,,
Limbe Leaf Tobacco ClinicLimbe,inRBKdag7Vs,,10S9F354W40,Limbe Leaf Tobacco ClinicLimbe,,,,,,,,,,,
Limbe MASM Clinic,oLKSaQ4gqL5,,10S9F354W40,Limbe MASM Clinic,,,,,,,,,,,
Lunzu BLM,kcbyRaflph0,,10S9F354W40,Lunzu BLM,,,,,,,,,,,
Macro Blantyre,ZZNgP1RcC8H,,10S9F354W40,Macro Blantyre,,,,,,,,,,,
Makadam Pvt Clinic,jpKor9OWp56,,10S9F354W40,Makadam Pvt Clinic,,,,,,,,,,,
Malabada Health Centre,SsBkD3XDOD7,,10S9F354W40,Malabada Health Centre,,,,,,,,,,,
Malamulo Day Clinic,MFvBkN5jzRF,,10S9F354W40,Malamulo Day Clinic,,,,,,,,,,,
Malmed Private Clinic,obDGwQJFj5d,,10S9F354W40,Malmed Private Clinic,,,,,,,,,,,
Mapeto DWS Clinic,ACgUJlruIQT,,10S9F354W40,Mapeto DWS Clinic,,,,,,,,,,,
Merit Private Clinic,qXsVFrRN4BB,,10S9F354W40,Merit Private Clinic,,,,,,,,,,,
Mlambe Hospital,cmCppSqIlzN,,10S9F354W40,Mlambe Hospital,,,,,,,,,,,
Mwachira Private Clinic,f2PAHAHGZS4,,10S9F354W40,Mwachira Private Clinic,,,,,,,,,,,
Mwaiwathu Private Hospital,YGIGbwqnA9M,,10S9F354W40,Mwaiwathu Private Hospital,,,,,,,,,,,
NAPHAM Clinic,iQKnRKmqARP,,10S9F354W40,NAPHAM Clinic,,,,,,,,,,,
Ndirande BLM,zizB8oIwvOJ,,10S9F354W40,Ndirande BLM,,,,,,,,,,,
Ndirande Urban Health Centre,M5ZUfC4v8GV,,10S9F354W40,Ndirande Urban Health Centre,,,,,,,,,,,
Nyambadwe Private Hospital,CedL5WOqd2I,,10S9F354W40,Nyambadwe Private Hospital,,,,,,,,,,,
Polytechnic Clinic,nFIyDVJHSgo,,10S9F354W40,Polytechnic Clinic,,,,,,,,,,,
Press Cooperation Clinic,abwaidMcPpQ,,10S9F354W40,Press Cooperation Clinic,,,,,,,,,,,
PSI,NGuDniOCUN5,,10S9F354W40,PSI,,,,,,,,,,,
Queen Elizabeth Central Hospital,UAl6raBTebe,,10S9F354W40,Queen Elizabeth Central Hospital,,,,,,,,,,,
Shifa Private Clinic,CMTihDdVodi,,10S9F354W40,Shifa Private Clinic,,,,,,,,,,,
Soche SDA Dispensary,nKzxabl3RpR,,10S9F354W40,Soche SDA Dispensary,,,,,,,,,,,
Unilever South East Company Clinic,m6YZsECSfOK,,10S9F354W40,Unilever South East Company Clinic,,,,,,,,,,,
United Bus Company Clinic,FPRoiJAvYTh,,10S9F354W40,United Bus Company Clinic,,,,,,,,,,,
Zingwangwa BLM Clinic,g9d246Hnb7w,,10S9F354W40,Zingwangwa BLM Clinic,,,,,,,,,,,
Zingwangwa Urban Health Centre,gTkYqxfVTM0,,10S9F354W40,Zingwangwa Urban Health Centre,,,,,,,,,,,
Chitowo Health Centre,b3OduOhZKuu,,00872AKSP4J,Chitowo Health Centre,,,,,,,,,,,
Chongoni Health Centre,LkjXIWw5W9v,,00872AKSP4J,Chongoni Health Centre,,,,,,,,,,,
Kaphuka Health Centre,wGMlG6WZZ4q,,00872AKSP4J,Kaphuka Health Centre,,,,,,,,,,,
Kasina Health Centre,PCWfXe1C9hK,,00872AKSP4J,Kasina Health Centre,,,,,,,,,,,
Khonjeni Health Centre,UkXVvwCLQgO,,29KV12IFT2M,Khonjeni Health Centre,,,,,,,,,,,
Mafisi clinic,N2OEuMkn2z4,,29KV12IFT2M,Mafisi clinic,,,,,,,,,,,
St Josephs Mitengo Health Centre,plC4nwLdlbf,,29KV12IFT2M,St Josephs Mitengo Health Centre,,,,,,,,,,,
Chipumi Health Centre,eNs19G9xMyc,,VTJP7E5GYZ8,Chipumi Health Centre,,,,,,,,,,,
Kapiri Mission Hospital,ekYnKIXnPPj,,VTJP7E5GYZ8,Kapiri Mission Hospital,,,,,,,,,,,
Kangolwa Health Centre,OZNe80Ws0on,,0Z8E52MN6EG,Kangolwa Health Centre,,,,,,,,,,,
Chabvala Health Centre,grfnmKmWiJ9,,1P0IA4L5QS5,Chabvala Health Centre,,,,,,,,,,,
Chikuse Health Centre,Y4kaJs4jbod,,PU05RS57GIO,Chikuse Health Centre,,,,,,,,,,,
Dzindevu Health Centre,QL1C4nvZVLn,,PU05RS57GIO,Dzindevu Health Centre,,,,,,,,,,,
Kanyama Health Centre,UwBTf92fAib,,PU05RS57GIO,Kanyama Health Centre,,,,,,,,,,,
Iba Dispensary,FZw4GOFV5X0,,6E5XW7L803X,Iba Dispensary,,,,,,,,,,,
Katuli Health Centre,fA8higAcbmz,,6E5XW7L803X,Katuli Health Centre,,,,,,,,,,,
Luwalika Health Centre,qBxArP5yT1I,,6E5XW7L803X,Luwalika Health Centre,,,,,,,,,,,
Ngapani Health Centre,VWvs8SJXcRe,,6E5XW7L803X,Ngapani Health Centre,,,,,,,,,,,
Chitsimuka Health Centre,AMklHWTt6sX,,F7O9W2U1823,Chitsimuka Health Centre,,,,,,,,,,,
Katowo Rural Hospital,TgIZdG9r95r,,F7O9W2U1823,Katowo Rural Hospital,,,,,,,,,,,
Kawamba Health Centre,flfOvLzldtj,,9SI5BI13J93,Kawamba Health Centre,,,,,,,,,,,
Kawinga Dispensary,ozdBwLyST0J,,0PA3922L19R,Kawinga Dispensary,,,,,,,,,,,
Ntaja Health Centre,Ybh0Ww4WWVx,,0PA3922L19R,Ntaja Health Centre,,,,,,,,,,,
Chisepo Health Centre,pw9cneMv5fA,,78M96BI02NZ,Chisepo Health Centre,,,,,,,,,,,
Kayembe Health Centre,HYqblaD619d,,78M96BI02NZ,Kayembe Health Centre,,,,,,,,,,,
Mbingwa Health Centre,rpW9v5wCsE6,,78M96BI02NZ,Mbingwa Health Centre,,,,,,,,,,,
Kazyozyo Dispensary,q4bVkSStlsm,,4S806M1FAPE,Kazyozyo Dispensary,,,,,,,,,,,
Chilobwe Majiga Health Centre,Xx5fmiIR0fW,,5AEO4VO4840,Chilobwe Majiga Health Centre,,,,,,,,,,,
Khongoni Health Centre,W8j3MAkrJe4,,5AEO4VO4840,Khongoni Health Centre,,,,,,,,,,,
Malembo Health Centre (Lilongwe),tOaGG2xPLDm,,5AEO4VO4840,Malembo Health Centre (Lilongwe),,,,,,,,,,,
Kabuwa Health Centre,ZDj4Y2Flile,,WK976036AK4,Kabuwa Health Centre,,,,,,,,,,,
Khosolo Health Centre,GVweqBeEYdR,,WK976036AK4,Khosolo Health Centre,,,,,,,,,,,
Mkoma Health Centre,y1zhkY1SAE9,,WK976036AK4,Mkoma Health Centre,,,,,,,,,,,
Msese Health Centre,Um1JMpMYGpE,,WK976036AK4,Msese Health Centre,,,,,,,,,,,
Hallena Oakely Health Centre,v6gj70cBiQE,,I23D03RA9G7,Hallena Oakely Health Centre,,,,,,,,,,,
kasembereka Health Centre,nWuBchw9R6C,,I23D03RA9G7,kasembereka Health Centre,,,,,,,,,,,
Makwasa Estate Clinic,joh9QZI3a96,,I23D03RA9G7,Makwasa Estate Clinic,,,,,,,,,,,
Malamulo Hospital,UKeSrLQeuCm,,I23D03RA9G7,Malamulo Hospital,,,,,,,,,,,
Mianga estate clinic,oXXbb8WAC4h,,I23D03RA9G7,Mianga estate clinic,,,,,,,,,,,
Sambankhanga Health Centre,SykBimJT1V2,,I23D03RA9G7,Sambankhanga Health Centre,,,,,,,,,,,
Atupele Community Hospital,WZ18joAt6xW,,5Z84N6XMYVC,Atupele Community Hospital,,,,,,,,,,,
Iponga Health Centre,tyuN9XbfRHQ,,5Z84N6XMYVC,Iponga Health Centre,,,,,,,,,,,
Kaporo Rural Hospital,mqNSnMB7fgW,,5Z84N6XMYVC,Kaporo Rural Hospital,,,,,,,,,,,
Ngana Health Centre,Cas9rlkSOQn,,5Z84N6XMYVC,Ngana Health Centre,,,,,,,,,,,
Bimbi Health Centre,gS8A33Rsqjr,,LKYFS96180R,Bimbi Health Centre,,,,,,,,,,,
Namasalima Health Centre (Zomba),mR7n2aiuf2m,,LKYFS96180R,Namasalima Health Centre (Zomba),,,,,,,,,,,
Chileka Health Centre,OXaQtzbzMoy,,21S3H23UQB3,Chileka Health Centre,,,,,,,,,,,
Chileka Sda Health Centre,v0GaaWRKm61,,21S3H23UQB3,Chileka Sda Health Centre,,,,,,,,,,,
Chilomoni BLM Clinic,kdClQ6xlOfO,,21S3H23UQB3,Chilomoni BLM Clinic,,,,,,,,,,,
Chilomoni Health Centre,DAueKP2YUvT,,21S3H23UQB3,Chilomoni Health Centre,,,,,,,,,,,
Chilomoni Private Clinic,J7tslE7mZww,,21S3H23UQB3,Chilomoni Private Clinic,,,,,,,,,,,
Chimembe Health Centre,ZaZEarjsHQX,,21S3H23UQB3,Chimembe Health Centre,,,,,,,,,,,
Dziwe Health Centre,hnbxxugq3Ds,,21S3H23UQB3,Dziwe Health Centre,,,,,,,,,,,
MDF Secondary School Clinic,ECwzZkt3Rop,,21S3H23UQB3,MDF Secondary School Clinic,,,,,,,,,,,
Mitsidi Health Centre(Lumbira),xEhYcXNLUVr,,21S3H23UQB3,Mitsidi Health Centre(Lumbira),,,,,,,,,,,
Nkula/Tedzani Clinic,OH6iMGjGTbZ,,21S3H23UQB3,Nkula/Tedzani Clinic,,,,,,,,,,,
Pensulo Health Centre,xN8oZzMyC33,,21S3H23UQB3,Pensulo Health Centre,,,,,,,,,,,
Sanjika Clinic,H64Mae6Suyl,,21S3H23UQB3,Sanjika Clinic,,,,,,,,,,,
Tedzani Clinic,PfE0xKirf0K,,21S3H23UQB3,Tedzani Clinic,,,,,,,,,,,
Chikowa Health Centre (Blantyre),Keuq4t91SIs,,5203ES5WP7V,Chikowa Health Centre (Blantyre),,,,,,,,,,,
Chiole Dispensary,jnrlLIULfCR,,X7E5YGZZKH9,Chiole Dispensary,,,,,,,,,,,
Dzunje Dispensary,mxlb6XxX6cp,,X7E5YGZZKH9,Dzunje Dispensary,,,,,,,,,,,
Fpam Clinic Ntcheu,OLX4puVMTHb,,X7E5YGZZKH9,Fpam Clinic Ntcheu,,,,,,,,,,,
Ntcheu District Hospital,irf8hxUohn5,,X7E5YGZZKH9,Ntcheu District Hospital,,,,,,,,,,,
Blm Karonga,XbhazSb57LF,,G7J1DCK090Z,Blm Karonga,,,,,,,,,,,
Care Private ClinicAnd Dental Surgery Art,bnjsICNDB9L,,G7J1DCK090Z,Care Private ClinicAnd Dental Surgery Art,,,,,,,,,,,
Karonga District Hospital,tjHJZDgKu6q,,G7J1DCK090Z,Karonga District Hospital,,,,,,,,,,,
Kasoba Health Centre,VDMYQuQPz2N,,G7J1DCK090Z,Kasoba Health Centre,,,,,,,,,,,
Katili Dispensary,nrK4dEVDNdL,,G7J1DCK090Z,Katili Dispensary,,,,,,,,,,,
Lupembe Health Centre,haaT3dJc33b,,G7J1DCK090Z,Lupembe Health Centre,,,,,,,,,,,
Mpata Health Centre,n7QRqzjmhbr,,G7J1DCK090Z,Mpata Health Centre,,,,,,,,,,,
Wiliro Health Centre,kUmwU0N12O7,,G7J1DCK090Z,Wiliro Health Centre,,,,,,,,,,,
Muloza Health Centre,P5U57FLrPxL,,WGGX3ODE6NA,Muloza Health Centre,,,,,,,,,,,
Namasalima Health Centre (Mulanje),asiPyqS8rHs,,WGGX3ODE6NA,Namasalima Health Centre (Mulanje),,,,,,,,,,,
Naphimba Health Centre,akhqt6Z6B7x,,WGGX3ODE6NA,Naphimba Health Centre,,,,,,,,,,,
Maravi Health Centre,Ljx0uViQtRg,,14Z9G0FTK9E,Maravi Health Centre,,,,,,,,,,,
St Josephs Mission Hospital(Nguludi),jm5VShYSJ35,,14Z9G0FTK9E,St Josephs Mission Hospital(Nguludi),,,,,,,,,,,
Thumbwe Health Centre,tlDXiuRLOpw,,14Z9G0FTK9E,Thumbwe Health Centre,,,,,,,,,,,
Mangamba Health Centre,zt2Jzw6wUcc,,9V18YF65RY0,Mangamba Health Centre,,,,,,,,,,,
Mbonechera Health Centre,iTzui2UcI8o,,9V18YF65RY0,Mbonechera Health Centre,,,,,,,,,,,
Namandanje Health Centre,KEPMWjMdxDG,,9V18YF65RY0,Namandanje Health Centre,,,,,,,,,,,
Lulanga Health Centre,iIwqmezZ9rs,,8F446NSM7S7,Lulanga Health Centre,,,,,,,,,,,
Lirangwe Health Centre,ZUMSlT5ZDCE,,X69CJ4MCIAL,Lirangwe Health Centre,,,,,,,,,,,
Lundu Health Centre,j94m3pNGJLw,,X69CJ4MCIAL,Lundu Health Centre,,,,,,,,,,,
Namikoko Health Centre,sTjTxJqSCWE,,X69CJ4MCIAL,Namikoko Health Centre,,,,,,,,,,,
Emfeni Health Centre,ihG7TCzUsYI,,P5NRSM8SFXH,Emfeni Health Centre,,,,,,,,,,,
Katete Rural Hospital,YABJoiuXQMB,,P5NRSM8SFXH,Katete Rural Hospital,,,,,,,,,,,
Luwerezi Health Centre,upbCscjsSDs,,P5NRSM8SFXH,Luwerezi Health Centre,,,,,,,,,,,
Dzenje Health Centre,nMp06ehwoOX,,12BSZBVS3J0,Dzenje Health Centre,,,,,,,,,,,
Milonde Health Centre,C3eAtbe8AQW,,12BSZBVS3J0,Milonde Health Centre,,,,,,,,,,,
Mpala Health Centre,w8qa58C9FGk,,12BSZBVS3J0,Mpala Health Centre,,,,,,,,,,,
Mulanje District Hospital,Nepy3vH3e6g,,12BSZBVS3J0,Mulanje District Hospital,,,,,,,,,,,
Thembe Health Centre,Y06YIhXv9wY,,12BSZBVS3J0,Thembe Health Centre,,,,,,,,,,,
Bangwe Health Centre,Z4phqEA2Pcr,,7LMTYE0W57L,Bangwe Health Centre,,,,,,,,,,,
Bangwe BLM Clinic,xidxjaQqU54,,7LMTYE0W57L,Bangwe BLM Clinic,,,,,,,,,,,
Blantyre Adventist Hospital,VOnPaWYUVJK,,7LMTYE0W57L,Blantyre Adventist Hospital,,,,,,,,,,,
Chigumula Clinic,Hger69iTvVS,,7LMTYE0W57L,Chigumula Clinic,,,,,,,,,,,
Chilaweni,WehVfN1t0Aa,,7LMTYE0W57L,Chilaweni,,,,,,,,,,,
Chirimba Health Centre,tDldFfYwnS1,,7LMTYE0W57L,Chirimba Health Centre,,,,,,,,,,,
Dai Halima (Bangwe Madina),OV47ojciSpV,,7LMTYE0W57L,Dai Halima (Bangwe Madina),,,,,,,,,,,
Lungu Private Clinic,nF4bckRFYqv,,7LMTYE0W57L,Lungu Private Clinic,,,,,,,,,,,
Makhetha Dispensary,tCNxro4FiTA,,7LMTYE0W57L,Makhetha Dispensary,,,,,,,,,,,
Mtengoumodzi Private Hospital,P4mpxuxgOZW,,7LMTYE0W57L,Mtengoumodzi Private Hospital,,,,,,,,,,,
Sos Childrens Village Blantyre,rrTE8OcL49T,,7LMTYE0W57L,Sos Childrens Village Blantyre,,,,,,,,,,,
South Lunzu Health Centre,OJhXyqgy2Qm,,7LMTYE0W57L,South Lunzu Health Centre,,,,,,,,,,,
Umunthu Foundation,S9hz5mgJUjI,,7LMTYE0W57L,Umunthu Foundation,,,,,,,,,,,
Mbayani Health Center,ojywW0LnOe6,,7LMTYE0W57L,Mbayani Health Center,,,,,,,,,,,
Lugola Health Centre,AcMkv28WWEO,,0ELGFWJ4FSW,Lugola Health Centre,,,,,,,,,,,
Makanjira Health Centre,ogCJRAEA06f,,0ELGFWJ4FSW,Makanjira Health Centre,,,,,,,,,,,
Makata Health Centre,eZfOjVQcd0e,,EM6V5Z2EB8C,Makata Health Centre,,,,,,,,,,,
Chilambwe Health Centre,bNcnSc6bFll,,2M71KI030MT,Chilambwe Health Centre,,,,,,,,,,,
Chintheche Rural Hospital,jkmHTPe5MLQ,,2M71KI030MT,Chintheche Rural Hospital,,,,,,,,,,,
Maula Health Centre,W423FAKdyEK,,2M71KI030MT,Maula Health Centre,,,,,,,,,,,
Ching'oma Dispensary,AnxpWhqWpXn,,SI50J7ZNG2U,Ching'oma Dispensary,,,,,,,,,,,
Bilira Health Centre,pPHM09AVDAS,,P5040M5B3Z6,Bilira Health Centre,,,,,,,,,,,
Chikande Health Centre,fmvjc3pgmee,,P5040M5B3Z6,Chikande Health Centre,,,,,,,,,,,
Kalimanjira Health Centre,K26cW6KAhFP,,P5040M5B3Z6,Kalimanjira Health Centre,,,,,,,,,,,
Nsiyaludzu Health Centre,GYlTZXKcHxA,,P5040M5B3Z6,Nsiyaludzu Health Centre,,,,,,,,,,,
Chinamwali Private Clinic,alk7M7pmalI,,50CQ7Q791XB,Chinamwali Private Clinic,,,,,,,,,,,
Domasi College Clinic,mZRwUTkeUC1,,50CQ7Q791XB,Domasi College Clinic,,,,,,,,,,,
Domasi Rural Hospital,U0YwDhBOZeY,,50CQ7Q791XB,Domasi Rural Hospital,,,,,,,,,,,
H Parker Sharp Dispensary,KhuXq8PnptT,,50CQ7Q791XB,H Parker Sharp Dispensary,,,,,,,,,,,
Machinjiri Health Centre,LtrODoKSSgr,,50CQ7Q791XB,Machinjiri Health Centre,,,,,,,,,,,
Masm Medi Clinic,LLrZXqItgML,,50CQ7Q791XB,Masm Medi Clinic,,,,,,,,,,,
Naisi Health Centre,ncRCRH1homB,,50CQ7Q791XB,Naisi Health Centre,,,,,,,,,,,
St Lukes Hospital,rohhSzKgCbr,,50CQ7Q791XB,St Lukes Hospital,,,,,,,,,,,
Chididi Health Centre (Nsanje),WG3SI4hkJFF,,3KGMJ16PK0O,Chididi Health Centre (Nsanje),,,,,,,,,,,
Nsanje District Hospital,tVuIhivYk9N,,3KGMJ16PK0O,Nsanje District Hospital,,,,,,,,,,,
Kamsonga Health Centre,m9IaQF4jaPL,,R2CO263XN3T,Kamsonga Health Centre,,,,,,,,,,,
Nkhotakota District Hospital,eLLoifuK7RA,,30DAWLMN424,Nkhotakota District Hospital,,,,,,,,,,,
St. Annes Mission Hospital,pqKNCtpevif,,30DAWLMN424,St. Annes Mission Hospital,,,,,,,,,,,
World Medical Fund,bLAoLBIwbSn,,30DAWLMN424,World Medical Fund,,,,,,,,,,,
Kande Health Centre,zA0iPC953jV,,K5UG2W2BGDH,Kande Health Centre,,,,,,,,,,,
Good Hope Private Clinic,Rs15DgnA3YP,,519TL4OEQQK,Good Hope Private Clinic,,,,,,,,,,,
Likuni Hospital,JquLSZgkHQ8,,519TL4OEQQK,Likuni Hospital,,,,,,,,,,,
Lilongwe City Assembly Chinsapo,m6bNWBsRDsi,,519TL4OEQQK,Lilongwe City Assembly Chinsapo,,,,,,,,,,,
Mbwatalika Health Centre,KRmwm560Ldo,,519TL4OEQQK,Mbwatalika Health Centre,,,,,,,,,,,
Nkhalango Private Clinic,N4dbtgJAnhw,,519TL4OEQQK,Nkhalango Private Clinic,,,,,,,,,,,
Vizara Dispensary,duwtTjuHUih,,2M71KI030MT,Vizara Dispensary,,,,,,,,,,,
Masasa Health Centre,oAX2IuKUC7A,,FWTL4HF6UY0,Masasa Health Centre,,,,,,,,,,,
Phanga Dispensary,fzNTz7Gcejn,,FWTL4HF6UY0,Phanga Dispensary,,,,,,,,,,,
Chiunjiza Health Centre,HTfgCPyMHUx,,H2SXJ263U03,Chiunjiza Health Centre,,,,,,,,,,,
Chiwoza Health Centre,ivq1pAeZs5o,,H2SXJ263U03,Chiwoza Health Centre,,,,,,,,,,,
Dickson Health Centre,aKJzwDfSJqM,,H2SXJ263U03,Dickson Health Centre,,,,,,,,,,,
Mitundu Rural Hospital,aVmCsQGN0r1,,H2SXJ263U03,Mitundu Rural Hospital,,,,,,,,,,,
Mlale Hospital,vlaK6dtRhxj,,H2SXJ263U03,Mlale Hospital,,,,,,,,,,,
Malingunde Health Centre,lP4THWArWA7,,1XTN6223BFS,Malingunde Health Centre,,,,,,,,,,,
Ndaula Health Centre,Pw6JwUkqdlF,,1XTN6223BFS,Ndaula Health Centre,,,,,,,,,,,
Kapanga Health Centre,H2ErYfEdioK,,LHPDNZ75309,Kapanga Health Centre,,,,,,,,,,,
Namizana Dispensary,OAXUYKyVuIz,,LHPDNZ75309,Namizana Dispensary,,,,,,,,,,,
Nkhwazi Health Centre,BogAIA30ZjT,,LHPDNZ75309,Nkhwazi Health Centre,,,,,,,,,,,
Diamphwe Health Centre,BWBOtEvaMkr,,LUY9ZNCH7SE,Diamphwe Health Centre,,,,,,,,,,,
Matapila Health Centre,nyBn1aFSTnl,,LUY9ZNCH7SE,Matapila Health Centre,,,,,,,,,,,
Nathenje Health Centre,AgYrPo8MW5I,,LUY9ZNCH7SE,Nathenje Health Centre,,,,,,,,,,,
Nkhoma Hospital,wPja49DJa2A,,LUY9ZNCH7SE,Nkhoma Hospital,,,,,,,,,,,
Makapwa Health Centre,a6SFNf7F567,,84871T4NI84,Makapwa Health Centre,,,,,,,,,,,
Sandama Health Centre,miqv8CSP673,,84871T4NI84,Sandama Health Centre,,,,,,,,,,,
Zoa Dispensary,i6PjWckrs7y,,84871T4NI84,Zoa Dispensary,,,,,,,,,,,
Zoa Health Centre,iaUfnrbzQ9d,,84871T4NI84,Zoa Health Centre,,,,,,,,,,,
Blm Mzimba,eRFNJ66WIWi,,9KG535078SA,Blm Mzimba,,,,,,,,,,,
Edingeni Rural Hospital,gWTmNAQxkV8,,9KG535078SA,Edingeni Rural Hospital,,,,,,,,,,,
Kalikumbi Health Centre,ZROS5WSviIN,,9KG535078SA,Kalikumbi Health Centre,,,,,,,,,,,
Kamteteka Health Centre,QM6V7PDrfLM,,9KG535078SA,Kamteteka Health Centre,,,,,,,,,,,
Manyamula Health Centre,nDmSqHjGoHc,,9KG535078SA,Manyamula Health Centre,,,,,,,,,,,
Mhalaunda Health Centre,inDCxEh9onL,,9KG535078SA,Mhalaunda Health Centre,,,,,,,,,,,
Mzimba District Hospital,H58PMzo9Xii,,9KG535078SA,Mzimba District Hospital,,,,,,,,,,,
Kalemba Health Centre,OyDhmxtA7nb,,AZCVH4P9OFL,Kalemba Health Centre,,,,,,,,,,,
Phokera Health Centre,t0NplMFqDph,,AZCVH4P9OFL,Phokera Health Centre,,,,,,,,,,,
Sorgin Health Centre,tWHl2Y9tGSe,,AZCVH4P9OFL,Sorgin Health Centre,,,,,,,,,,,
Tikondane Private Clinic,Kash20S32hR,,AZCVH4P9OFL,Tikondane Private Clinic,,,,,,,,,,,
Nasawa Health Centre,RicJ2qmCw3g,,YO3X3149CU6,Nasawa Health Centre,,,,,,,,,,,
Bula Health Centre,H8jU8sCWscO,,97680AEH1G6,Bula Health Centre,,,,,,,,,,,
Milepa Health Centre,MH3qGNRGA9d,,3S57FC10A3E,Milepa Health Centre,,,,,,,,,,,
Namanja Health Centre,XG7w56VzqMn,,NNU5E62KJS5,Namanja Health Centre,,,,,,,,,,,
Nayuchi Health Centre,fwctySB9ovz,,NNU5E62KJS5,Nayuchi Health Centre,,,,,,,,,,,
Mikundi Health Centre,rAdbHKHrveg,,FD1O1P3YW7P,Mikundi Health Centre,,,,,,,,,,,
Chimwamkango Dispensary,ZOUGIF58iaF,,KO3862ZXT3K,Chimwamkango Dispensary,,,,,,,,,,,
Fanuel Dispensary,faV6jPVs9bj,,KO3862ZXT3K,Fanuel Dispensary,,,,,,,,,,,
Kaigwazanga Health Centre,fELrRZgvyHN,,KO3862ZXT3K,Kaigwazanga Health Centre,,,,,,,,,,,
Mkanda Health Centre,FexDaTn0HFG,,KO3862ZXT3K,Mkanda Health Centre,,,,,,,,,,,
Mpasa Health Centre,Kxv4oNJw7DU,,18G6S1PSYFA,Mpasa Health Centre,,,,,,,,,,,
Phalombe Health Centre,zDFhyylZv3c,,18G6S1PSYFA,Phalombe Health Centre,,,,,,,,,,,
Phalombe Mission Holy Family Hospital,m03CECb09qZ,,18G6S1PSYFA,Phalombe Mission Holy Family Hospital,,,,,,,,,,,
Waruma Health Post,uBmhSlPGXCC,,18G6S1PSYFA,Waruma Health Post,,,,,,,,,,,
Khondowe Health Centre,OxWyNMOFrbv,,QKOB69QJA6M,Khondowe Health Centre,,,,,,,,,,,
Mpiri Health Centre,rl3pWoEjBn3,,9EP37182WKG,Mpiri Health Centre,,,,,,,,,,,
Chankhungu Health Centre,cZkBc7Ri1HF,,3Z85518YBP6,Chankhungu Health Centre,,,,,,,,,,,
Dzaleka Refugee Camp Health Centre,b1RogeavIPD,,3Z85518YBP6,Dzaleka Refugee Camp Health Centre,,,,,,,,,,,
Mtengowanthenga Dream Project,HkbvKBQFM6B,,3Z85518YBP6,Mtengowanthenga Dream Project,,,,,,,,,,,
Mtengowanthenga Hospital,s79dCXbcoCA,,3Z85518YBP6,Mtengowanthenga Hospital,,,,,,,,,,,
Blm Nkhatabay,QsSrtfLO11f,,577D8F6FFJ0,Blm Nkhatabay,,,,,,,,,,,
Nkhata Bay District Hospital,Cr4BIZYc1Ks,,577D8F6FFJ0,Nkhata Bay District Hospital,,,,,,,,,,,
Nkhatabay Private Clinic,UhakMoxPLoa,,577D8F6FFJ0,Nkhatabay Private Clinic,,,,,,,,,,,
Chisi Health Centre,rtb22Ro8Gez,,577D8F6FFJ0,Chisi Health Centre,,,,,,,,,,,
St Peters (Likoma) Rural Hospital,CsyzgID0Nif,,WU46TM2X122,St Peters (Likoma) Rural Hospital,,,,,,,,,,,
St Peters Hospital,rLCi8itMAng,,WU46TM2X122,St Peters Hospital,,,,,,,,,,,
Chifunga Health Centre,pciHYsH4glX,,H0254LU1610,Chifunga Health Centre,,,,,,,,,,,
Ligowe Dispensary,gA0WGnhCnYt,,H0254LU1610,Ligowe Dispensary,,,,,,,,,,,
Magareta Health Centre,NFqFeBSH2Re,,H0254LU1610,Magareta Health Centre,,,,,,,,,,,
Makhanga Health Centre,TRDY52stPkd,,YIH8I7165EW,Makhanga Health Centre,,,,,,,,,,,
Masenjere Health Centre,hj7sZWYuxTM,,YIH8I7165EW,Masenjere Health Centre,,,,,,,,,,,
Mchacha Dispensary,dttzdNvXHa5,,YIH8I7165EW,Mchacha Dispensary,,,,,,,,,,,
Mlolo Dispensary,SlyRIl4cwOF,,YIH8I7165EW,Mlolo Dispensary,,,,,,,,,,,
Sankhulani Health Centre,xhQxgh1GSkX,,YIH8I7165EW,Sankhulani Health Centre,,,,,,,,,,,
Trinity - Fatima Hospital,iRQXiwCxsE8,,YIH8I7165EW,Trinity - Fatima Hospital,,,,,,,,,,,
Mlomba Health Centre,OUiAuB0Uc7D,,9WQY8GJU1HM,Mlomba Health Centre,,,,,,,,,,,
Tembwe Health Centre,tfkK9FkHh3n,,284Y5HOPG02,Tembwe Health Centre,,,,,,,,,,,
Changalume Barracks Clinic(Muluzi),lOis6dAt7D0,,FZY688IVS8Q,Changalume Barracks Clinic(Muluzi),,,,,,,,,,,
Chilipa Health Centre (Zomba),biJPVK5IRJn,,FZY688IVS8Q,Chilipa Health Centre (Zomba),,,,,,,,,,,
Chingale Health Centre,o0hXXoxJnMI,,FZY688IVS8Q,Chingale Health Centre,,,,,,,,,,,
Chipini Health Centre,imXmafCgb5n,,FZY688IVS8Q,Chipini Health Centre,,,,,,,,,,,
Cobbe Barracks Hospital,rzzi29nBvbs,,FZY688IVS8Q,Cobbe Barracks Hospital,,,,,,,,,,,
M'mambo Heaith Centre,PFhr83vxGgZ,,FZY688IVS8Q,M'mambo Heaith Centre,,,,,,,,,,,
Maera Health Centre,gSVQoPw8dRz,,FZY688IVS8Q,Maera Health Centre,,,,,,,,,,,
Mwandama Health Centre,jyoWzEvm0XC,,FZY688IVS8Q,Mwandama Health Centre,,,,,,,,,,,
Namadidi Dispensary,bHXisKRaXOR,,FZY688IVS8Q,Namadidi Dispensary,,,,,,,,,,,
Nkasala Health Centre,TOHfssdeOr9,,FZY688IVS8Q,Nkasala Health Centre,,,,,,,,,,,
State House Dispensary,CKRqkhgVqwJ,,FZY688IVS8Q,State House Dispensary,,,,,,,,,,,
Zilindo Health Centre,P3bvgqs7mIQ,,FZY688IVS8Q,Zilindo Health Centre,,,,,,,,,,,
Zomba Central Prison Clinic,A8FCrw9vdEI,,FZY688IVS8Q,Zomba Central Prison Clinic,,,,,,,,,,,
Akasale Pvt Clinic,qNuRHXJ2P3m,,5O9358Q507C,Akasale Pvt Clinic,,,,,,,,,,,
Bilal Dispensary,KxcbdpaFBia,,5O9358Q507C,Bilal Dispensary,,,,,,,,,,,
Chiradzulu District Hospital,lsrGqZfICKm,,5O9358Q507C,Chiradzulu District Hospital,,,,,,,,,,,
Mbulumbudzi Health Centre,SrQ8y7MhCE6,,5O9358Q507C,Mbulumbudzi Health Centre,,,,,,,,,,,
Mbulumbudzi Maternity,ERVjuHPNT3l,,5O9358Q507C,Mbulumbudzi Maternity,,,,,,,,,,,
Doviko Dispensary,kG4jZtoHH8f,,UXB0CFKYJ89,Doviko Dispensary,,,,,,,,,,,
Dzonzi-Mvai Health Centre,fH7hgQtTEvy,,UXB0CFKYJ89,Dzonzi-Mvai Health Centre,,,,,,,,,,,
Katsekera Health Centre,Mby0tOuLfvm,,UXB0CFKYJ89,Katsekera Health Centre,,,,,,,,,,,
Matanda Health Centre,iVOnl6X10Ym,,UXB0CFKYJ89,Matanda Health Centre,,,,,,,,,,,
Nzama Health Centre,xiPaD8Vsm7n,,UXB0CFKYJ89,Nzama Health Centre,,,,,,,,,,,
Tsangano Health Centre,rLjop5TPyxt,,UXB0CFKYJ89,Tsangano Health Centre,,,,,,,,,,,
Kabwafu Health Centre,sZJvRZgWusR,,026SAUZ6866,Kabwafu Health Centre,,,,,,,,,,,
Mpherembe Health Centre,XazLGbIHFsc,,026SAUZ6866,Mpherembe Health Centre,,,,,,,,,,,
Malidadi Health Centre,BvmZAEbFgHw,,026SAUZ6866,Malidadi Health Centre,,,,,,,,,,,
Manolo Health Center,YpAyWUsXP6l,,026SAUZ6866,Manolo Health Center,,,,,,,,,,,
Thunduwike Health Centre,O6DhPzoQAUm,,026SAUZ6866,Thunduwike Health Centre,,,,,,,,,,,
Bua Health Center (Nkhotakota),BQ3aLnP32uB,,WCQF0248J8V,Bua Health Center (Nkhotakota),,,,,,,,,,,
Didi Health Center,AJu1RgcA1JG,,I11UBM2IE26,Didi Health Center,,,,,,,,,,,
Didi Health Centre,AkP3EOq0hGk,,I11UBM2IE26,Didi Health Centre,,,,,,,,,,,
Satemwa Clinic,S0KCNuAkdMR,,I11UBM2IE26,Satemwa Clinic,,,,,,,,,,,
Aa-salam Clinic,e1iVoquOKVT,,S268C44Y558,Aa-salam Clinic,,,,,,,,,,,
Katema Health Centre,gNaXoVYpN1v,,S268C44Y558,Katema Health Centre,,,,,,,,,,,
Koche Health Centre,O65d1uI6NGP,,S268C44Y558,Koche Health Centre,,,,,,,,,,,
Mangochi District Hospital,vGbcjNT1TSJ,,S268C44Y558,Mangochi District Hospital,,,,,,,,,,,
Mpondasi Health Centre,AUDheLXTT2U,,S268C44Y558,Mpondasi Health Centre,,,,,,,,,,,
Mponela Rural Hospital,ueVjB10KIyz,,P0Q26L7HIU6,Mponela Rural Hospital,,,,,,,,,,,
Mposa Health Centre,tLsbScHkeRF,,567A1L637NR,Mposa Health Centre,,,,,,,,,,,
Namitambo Health Centre,TArV024FtcH,,14ZAJ5BG7Q8,Namitambo Health Centre,,,,,,,,,,,
Dowa District Hospital,F4aQvPL4c5a,,B5G4ZK63TZ8,Dowa District Hospital,,,,,,,,,,,
Matekenya Health Centre,jeNQSrVSj0c,,B5G4ZK63TZ8,Matekenya Health Centre,,,,,,,,,,,
Msakambewa Health Centre,jgFPtgYE3C8,,B5G4ZK63TZ8,Msakambewa Health Centre,,,,,,,,,,,
Mwangala Health Centre,ZctUHvWm292,,B5G4ZK63TZ8,Mwangala Health Centre,,,,,,,,,,,
Banja La Mtsogolo Mzuzu,Sb8xVmXyL5p,,ZE9OLEH2BO8,Banja La Mtsogolo Mzuzu,,,,,,,,,,,
Ekwaiweni Health Centre,AlGl0pjBwFS,,ZE9OLEH2BO8,Ekwaiweni Health Centre,,,,,,,,,,,
Ekwendeni Mission Hospital,jcv5nI6bzTq,,ZE9OLEH2BO8,Ekwendeni Mission Hospital,,,,,,,,,,,
Emsizini Health Centre,HFKrnnX40ZR,,ZE9OLEH2BO8,Emsizini Health Centre,,,,,,,,,,,
Engucwini Health Centre,Tt5yMX4YCYJ,,ZE9OLEH2BO8,Engucwini Health Centre,,,,,,,,,,,
Enukweni Health Centre,nmptn9bUYXv,,ZE9OLEH2BO8,Enukweni Health Centre,,,,,,,,,,,
Care Medical Clinic,m3l82LkwIyc,,ZE9OLEH2BO8,Care Medical Clinic,,,,,,,,,,,
Choma Health Centre,cIJ6LCvgpw0,,ZE9OLEH2BO8,Choma Health Centre,,,,,,,,,,,
Dr Msachi's Clinic,O7D48utczxD,,ZE9OLEH2BO8,Dr Msachi's Clinic,,,,,,,,,,,
Enukweni Mission Health Centre,OvpduRMmYdH,,ZE9OLEH2BO8,Enukweni Mission Health Centre,,,,,,,,,,,
Escom Clinic Mzuzu,xmlMKVGErR7,,ZE9OLEH2BO8,Escom Clinic Mzuzu,,,,,,,,,,,
Fpam Clinic Mzuzu,OfoleksJLJl,,ZE9OLEH2BO8,Fpam Clinic Mzuzu,,,,,,,,,,,
Kafukule Health Centre,U0T5lPrgVEY,,ZE9OLEH2BO8,Kafukule Health Centre,,,,,,,,,,,
Kamwe Health Centre,ncumVqRrCMN,,ZE9OLEH2BO8,Kamwe Health Centre,,,,,,,,,,,
Kaweche Health Centre,BRvHol84T4Q,,ZE9OLEH2BO8,Kaweche Health Centre,,,,,,,,,,,
Khuyukuyu Health Centre,q0KYGiBsenN,,ZE9OLEH2BO8,Khuyukuyu Health Centre,,,,,,,,,,,
Luvwere Dispensary,qY3GH22ifOb,,ZE9OLEH2BO8,Luvwere Dispensary,,,,,,,,,,,
Macro Mzuzu,n6SrNst4ONq,,ZE9OLEH2BO8,Macro Mzuzu,,,,,,,,,,,
Masm Medi Clinic Katoto,CwXx44tbXVF,,ZE9OLEH2BO8,Masm Medi Clinic Katoto,,,,,,,,,,,
Moyale Barracks Health Centre,S9XMFfakFVw,,ZE9OLEH2BO8,Moyale Barracks Health Centre,,,,,,,,,,,
Mtwalo Health Centre,JeL4xvlOwsv,,ZE9OLEH2BO8,Mtwalo Health Centre,,,,,,,,,,,
Mumbwe Medical Centre,atRsAeYj8bo,,ZE9OLEH2BO8,Mumbwe Medical Centre,,,,,,,,,,,
Mzuzu Central Prison,eywf2mgdPPI,,ZE9OLEH2BO8,Mzuzu Central Prison,,,,,,,,,,,
Mzuzu Police Dispensary,sJQF7WPP2Ck,,ZE9OLEH2BO8,Mzuzu Police Dispensary,,,,,,,,,,,
Mzuzu University Clinic,rHtjCrmXd7e,,ZE9OLEH2BO8,Mzuzu University Clinic,,,,,,,,,,,
Mzuzu Urban Health Centre,cQ41y2ym2RV,,ZE9OLEH2BO8,Mzuzu Urban Health Centre,,,,,,,,,,,
Njuyu Health Centre,CZXbHCpGcTW,,ZE9OLEH2BO8,Njuyu Health Centre,,,,,,,,,,,
Nkhorongo Health Centre,dz2aFcg1wHo,,ZE9OLEH2BO8,Nkhorongo Health Centre,,,,,,,,,,,
St Johns Mission Hospital,DJ8gHyjgiVL,,ZE9OLEH2BO8,St Johns Mission Hospital,,,,,,,,,,,
St Johns of God Mental Hospital,Q9p5l8Liv8c,,ZE9OLEH2BO8,St Johns of God Mental Hospital,,,,,,,,,,,
Wezi Medical Centre,yr54vCUBTIZ,,ZE9OLEH2BO8,Wezi Medical Centre,,,,,,,,,,,
Zolozolo Health Centre,B9FD1zCgB3t,,ZE9OLEH2BO8,Zolozolo Health Centre,,,,,,,,,,,
Chitipa District Hospital,qzGX4XdWufs,,P2246S0CD4H,Chitipa District Hospital,,,,,,,,,,,
Ifumbo Health Centre,LLnCuwo5RNG,,P2246S0CD4H,Ifumbo Health Centre,,,,,,,,,,,
Kapenda Health Centre,NItIjAcYO8y,,P2246S0CD4H,Kapenda Health Centre,,,,,,,,,,,
Kaseye Mission Hospital,mTqGek9GBbM,,P2246S0CD4H,Kaseye Mission Hospital,,,,,,,,,,,
Alinafe Community Hospital,Y46sxDDIkfz,,WDA93HWD34S,Alinafe Community Hospital,,,,,,,,,,,
Benga Health Centre,n6UZ8o9yo6L,,WDA93HWD34S,Benga Health Centre,,,,,,,,,,,
Kapiri Health Centre (Nkhotakota),sQnNX5Nbvu7,,WDA93HWD34S,Kapiri Health Centre (Nkhotakota),,,,,,,,,,,
Mtosa Health Centre,tlqs0jOTw9o,,WDA93HWD34S,Mtosa Health Centre,,,,,,,,,,,
Mhuju Rural Hospital,QrpvZldV7rA,,31VV7L2UUL8,Mhuju Rural Hospital,,,,,,,,,,,
Chitimba Health Centre,rdHVTY312fc,,818VE966523,Chitimba Health Centre,,,,,,,,,,,
David Gordon Memorial Hospital (Livingstonia Mission Hospital),FoWBNiRRWnB,,818VE966523,David Gordon Memorial Hospital (Livingstonia Mission Hospital),,,,,,,,,,,
Luwuchi Health Centre,Ie6bXE64qOA,,818VE966523,Luwuchi Health Centre,,,,,,,,,,,
Airwing Clinic (Zomba),FLu5HmxHlNM,,B085QPAH5FO,Airwing Clinic (Zomba),,,,,,,,,,,
Chamba Health Centre (Zomba),T9SOI57r1OF,,B085QPAH5FO,Chamba Health Centre (Zomba),,,,,,,,,,,
Chancellor College Clinic,xt7sSjNqHjP,,B085QPAH5FO,Chancellor College Clinic,,,,,,,,,,,
Likangala Health Centre,LBeMMNRQSoU,,B085QPAH5FO,Likangala Health Centre,,,,,,,,,,,
Makwapala Health Centre,ctDR10R37Rw,,B085QPAH5FO,Makwapala Health Centre,,,,,,,,,,,
Matawale Urban Health Centre,yREVcFcXe3h,,B085QPAH5FO,Matawale Urban Health Centre,,,,,,,,,,,
Matiya Health Centre,omQ3TWOHcDR,,B085QPAH5FO,Matiya Health Centre,,,,,,,,,,,
Mikuyu Adult Clinic,yuC98hzOJTH,,B085QPAH5FO,Mikuyu Adult Clinic,,,,,,,,,,,
Mikuyu Young Clinic,TCQVqqZMDUA,,B085QPAH5FO,Mikuyu Young Clinic,,,,,,,,,,,
Pirimiti Health Centre,X3O5uAX04Z9,,B085QPAH5FO,Pirimiti Health Centre,,,,,,,,,,,
Mlowe Health Centre,GSQ5TnX3yuJ,,Z08P38S4E5W,Mlowe Health Centre,,,,,,,,,,,
Mphopha Health Centre,hS2sYnTQbU3,,GE2N62L45P4,Mphopha Health Centre,,,,,,,,,,,
Mzokoto Health Centre,bYR9HESsWKd,,GE2N62L45P4,Mzokoto Health Centre,,,,,,,,,,,
Nthenje Health Centre,mEYFrYZrHrN,,GE2N62L45P4,Nthenje Health Centre,,,,,,,,,,,
Mwansambo Health Centre,Rf1rrKDqc9l,,7I82MY0ICGI,Mwansambo Health Centre,,,,,,,,,,,
Kasungu District Hospital,wNoaGHOI6Zl,,9T1969D5N4R,Kasungu District Hospital,,,,,,,,,,,
Chisansu Health Centre,u57H3XRjoRa,,H39I7C0B456,Chisansu Health Centre,,,,,,,,,,,
Misuku Health Centre,XnBB0NztocS,,H39I7C0B456,Misuku Health Centre,,,,,,,,,,,
Msumbe Health Centre,hLuqNN1enth,,H39I7C0B456,Msumbe Health Centre,,,,,,,,,,,
Chambo Health Centre,h9csPxuoZUo,,E0J0DHOF99C,Chambo Health Centre,,,,,,,,,,,
Wenya Health Centre,M7TlHaVIPLz,,E0J0DHOF99C,Wenya Health Centre,,,,,,,,,,,
Mlare Dispensary,o9B8rTitcGn,,JUIP78U36Z1,Mlare Dispensary,,,,,,,,,,,
Nyungwe Health Centre,xr2MuALneJH,,JUIP78U36Z1,Nyungwe Health Centre,,,,,,,,,,,
Ehehleni Dispensary,RdbkvuyiIKf,,3FCVKCYB65Y,Ehehleni Dispensary,,,,,,,,,,,
Hoho Health Centre,ypiAvIrP9U6,,3FCVKCYB65Y,Hoho Health Centre,,,,,,,,,,,
Jenda Health Centre,Mf6Xg1PJ7hC,,3FCVKCYB65Y,Jenda Health Centre,,,,,,,,,,,
Luwawa Health Centre,qRO40W7cmWx,,3FCVKCYB65Y,Luwawa Health Centre,,,,,,,,,,,
Embangweni Hospital,ySElKKfe6yc,,MW3CF0126OB,Embangweni Hospital,,,,,,,,,,,
Mabili Health Centre,vv5AP3nMhAz,,MW3CF0126OB,Mabili Health Centre,,,,,,,,,,,
Vibangalala Dispensary,BtjLFnqUPEj,,MW3CF0126OB,Vibangalala Dispensary,,,,,,,,,,,
Kadango Dispensary,IRP5VaILlSr,,5E4XW7L803X,Kadango Dispensary,,,,,,,,,,,
Lungwena Health Centre,VdDtiG3fZ9A,,5E4XW7L803X,Lungwena Health Centre,,,,,,,,,,,
Namalaka Health Centre,JRwvE3EiDuo,,5E4XW7L803X,Namalaka Health Centre,,,,,,,,,,,
Nambazo Health Centre,AyarnjnokWg,,9W0C868U736,Nambazo Health Centre,,,,,,,,,,,
Chiringa Health Centre,pmteRCqzbeC,,9W0C868U736,Chiringa Health Centre,,,,,,,,,,,
Chiringa Maternity,sqMFC2sNuGZ,,9W0C868U736,Chiringa Maternity,,,,,,,,,,,
Gogo Nazombe health centre,cTMzhKP8OCf,,9W0C868U736,Gogo Nazombe health centre,,,,,,,,,,,
Nambiti II Health Centre,FIHIYv39yqU,,9W0C868U736,Nambiti II Health Centre,,,,,,,,,,,
Billy Riordan Memorial Health Clinic,qQOkofJwpxB,,0ELGFWJ4HSW,Billy Riordan Memorial Health Clinic,,,,,,,,,,,
Chilonga Health Centre,Px30WvhGQQf,,0ELGFWJ4HSW,Chilonga Health Centre,,,,,,,,,,,
Malawi Army Marine Camp Hospital,Q7j0Yk4fDmo,,0ELGFWJ4HSW,Malawi Army Marine Camp Hospital,,,,,,,,,,,
Malembo Health Centre,UKbySUaELNM,,0ELGFWJ4HSW,Malembo Health Centre,,,,,,,,,,,
Monkey-Bay Community Hospital,rJjuBGDDPrG,,0ELGFWJ4HSW,Monkey-Bay Community Hospital,,,,,,,,,,,
Nankhwali Health Centre,oS0WaJ5v6t4,,0ELGFWJ4HSW,Nankhwali Health Centre,,,,,,,,,,,
Nankumba Health Centre,cnUCvDXttIv,,0ELGFWJ4HSW,Nankumba Health Centre,,,,,,,,,,,
Nkope Health Centre,jrlOSjcDYGN,,0ELGFWJ4HSW,Nkope Health Centre,,,,,,,,,,,
Mchima Clinic,HC3bsEmqOGP,,S1A3T0T0FSW,Mchima Clinic,,,,,,,,,,,
Thyolo District Hospital,Obpw5vLlCtg,,S1A3T0T0FSW,Thyolo District Hospital,,,,,,,,,,,
Kamforzi Dispensary,uh5ltc6TZm9,,S1A3T0T0FSW,Kamforzi Dispensary,,,,,,,,,,,
Lulwe Health Centre,ftIjkXg1oCr,,8T1R3384D95,Lulwe Health Centre,,,,,,,,,,,
Ndamera Health Centre,pSYB6OucIkn,,8T1R3384D95,Ndamera Health Centre,,,,,,,,,,,
Nkhande Dispensary,cGvhk2ChRaA,,8T1R3384D95,Nkhande Dispensary,,,,,,,,,,,
Mbenje Health Centre,GMxiZxppgwD,,7026R5MDU52,Mbenje Health Centre,,,,,,,,,,,
Ngokwe Health Centre,UltcvVpNf8r,,S2E37Y27ZB3,Ngokwe Health Centre,,,,,,,,,,,
Ngwelero Health Centre,grLzTEcg70S,,7989GTID6CI,Ngwelero Health Centre,,,,,,,,,,,
African Bible College Health Centre,zYfP0gkHRJH,,PT9695002MB,African Bible College Health Centre,,,,,,,,,,,
Airwing Clinic,V7m6S5TIpqf,,PT9695002MB,Airwing Clinic,,,,,,,,,,,
Chitedze Health Centre,Xc3odqjv7h0,,PT9695002MB,Chitedze Health Centre,,,,,,,,,,,
Maula Prison Health Centre Static Art,sPwxCzvUtia,,PT9695002MB,Maula Prison Health Centre Static Art,,,,,,,,,,,
Maziko Private Clinic,zR84MQKJlj4,,PT9695002MB,Maziko Private Clinic,,,,,,,,,,,
Mbabvi Health Centre,rwyqKbu6sVj,,PT9695002MB,Mbabvi Health Centre,,,,,,,,,,,
NRC,rIFUCMVM6i2,,PT9695002MB,NRC,,,,,,,,,,,
Ssh Clinic,u9OaAjL9cih,,PT9695002MB,Ssh Clinic,,,,,,,,,,,
St. Kizito Dispensary,ZEdyB0IvOj3,,PT9695002MB,St. Kizito Dispensary,,,,,,,,,,,
Tachira Private Clinic,PEHVxojxzOF,,PT9695002MB,Tachira Private Clinic,,,,,,,,,,,
The Clinic,oF4LyJn1q4E,,PT9695002MB,The Clinic,,,,,,,,,,,
Tcharo Health Centre,BU7rorTM59N,,4S4A0YQ40SS,Tcharo Health Centre,,,,,,,,,,,
Biriwiri Health Centre,K9CYAs4mo5E,,DHZPEB6697G,Biriwiri Health Centre,,,,,,,,,,,
Gowa Health Centre,LDtggHdyRks,,DHZPEB6697G,Gowa Health Centre,,,,,,,,,,,
Kampanje Maternity,AzbGHKq4K1A,,DHZPEB6697G,Kampanje Maternity,,,,,,,,,,,
Lakeview Health Centre,s0oVNR4X97p,,DHZPEB6697G,Lakeview Health Centre,,,,,,,,,,,
Mlangeni Health Centre,ONmU8CWhzv9,,DHZPEB6697G,Mlangeni Health Centre,,,,,,,,,,,
Mlangeni Police Health Centre,ObGhlP39lGg,,DHZPEB6697G,Mlangeni Police Health Centre,,,,,,,,,,,
Mphepozinai Dispensary,D2lOPiKippv,,DHZPEB6697G,Mphepozinai Dispensary,,,,,,,,,,,
Muluma Dispensary,jHjfJQsvt47,,DHZPEB6697G,Muluma Dispensary,,,,,,,,,,,
Chimwawa Health C,IeJAi0sDcso,,E247EJ12L48,Chimwawa Health C,,,,,,,,,,,
Nkalo Health Centre,Phu68UfvSy0,,E247EJ12L48,Nkalo Health Centre,,,,,,,,,,,
Chambe Health Centre,Ln1grpEjzuK,,4U9J5V83J9G,Chambe Health Centre,,,,,,,,,,,
Kambenje Health Centre,UzxhcPn4QZG,,4U9J5V83J9G,Kambenje Health Centre,,,,,,,,,,,
Mulomba Health Centre,ijqBzVGbncx,,4U9J5V83J9G,Mulomba Health Centre,,,,,,,,,,,
Phimbi Health Centre,OmkxKPS11ej,,PZ5Z373376O,Phimbi Health Centre,,,,,,,,,,,
Utale 1 Health Centre,uKJ1hfxCykV,,PZ5Z373376O,Utale 1 Health Centre,,,,,,,,,,,
Utale 2 Health Centre,cPO0zV087kQ,,PZ5Z373376O,Utale 2 Health Centre,,,,,,,,,,,
Mulungu Alinafe Health Centre,YpOsxnyWD67,,IIWG03M2282,Mulungu Alinafe Health Centre,,,,,,,,,,,
Nkhulambe Health Centre,IFWkUcZya9D,,IIWG03M2282,Nkhulambe Health Centre,,,,,,,,,,,
River of Life Clinic,WU9qmsrke3o,,IIWG03M2282,River of Life Clinic,,,,,,,,,,,
Sukasanje Health Centre,pix1qzSosTb,,IIWG03M2282,Sukasanje Health Centre,,,,,,,,,,,
Gawanani Health Centre,GEb1hObhM4q,,W666A4092XM,Gawanani Health Centre,,,,,,,,,,,
Machinga Health Centre,cYYZv88xBL6,,W666A4092XM,Machinga Health Centre,,,,,,,,,,,
Chipho Health Centre,xJQqTtpdsHP,,4SIZMQ0OMYE,Chipho Health Centre,,,,,,,,,,,
Gombe Health Center,fCCBqUju3Q4,,4SIZMQ0OMYE,Gombe Health Center,,,,,,,,,,,
Mapanga Health Center,XrE6S137IUq,,4SIZMQ0OMYE,Mapanga Health Center,,,,,,,,,,,
Mbalanguzi Dispensary,gRtggG07luV,,4SIZMQ0OMYE,Mbalanguzi Dispensary,,,,,,,,,,,
Nkhataombere Maternity,cW0qFAm1C3P,,4SIZMQ0OMYE,Nkhataombere Maternity,,,,,,,,,,,
Nsabwe Dispensary,zUquZgXa6Rm,,4SIZMQ0OMYE,Nsabwe Dispensary,,,,,,,,,,,
Thekerani Rural Hospital,INxuyEdPFCm,,4SIZMQ0OMYE,Thekerani Rural Hospital,,,,,,,,,,,
Balaka District Hospital,R96XZz9y9Ji,,ZLT4525EM4Z,Balaka District Hospital,,,,,,,,,,,
Balaka Dream Clinic,aMWj5wusSxW,,ZLT4525EM4Z,Balaka Dream Clinic,,,,,,,,,,,
Balaka OPD Health Centre,XysHbVxy3XW,,ZLT4525EM4Z,Balaka OPD Health Centre,,,,,,,,,,,
Comfort Health Centre,JaTdpYBBV5m,,ZLT4525EM4Z,Comfort Health Centre,,,,,,,,,,,
Dziwe Health Centre,axZoBBHwZo2,,ZLT4525EM4Z,Dziwe Health Centre,,,,,,,,,,,
Kwitanda Health Centre,Z8EORvXbL8x,,ZLT4525EM4Z,Kwitanda Health Centre,,,,,,,,,,,
Nsanama Health Centre,DLSIRdTyKv3,,YWGRM13E4C4,Nsanama Health Centre,,,,,,,,,,,
Nthalire Health Centre,I6ZujG9AVcl,,ENPU0Z85HW9,Nthalire Health Centre,,,,,,,,,,,
Mahowe Health Centre,TkKOmywmjVx,,XZVWQ8A4D05,Mahowe Health Centre,,,,,,,,,,,
Chonde Rural Hospital,TusMbw27jzb,,STWLLU98T0I,Chonde Rural Hospital,,,,,,,,,,,
Kaombe Dispensary,Qw8SEqwTxHk,,GD41NC19L10,Kaombe Dispensary,,,,,,,,,,,
Mndinda Health Centre,uYi2L6Go4Qf,,GD41NC19L10,Mndinda Health Centre,,,,,,,,,,,
Nthondo Health Centre (Ntchisi),xQBYdqlCMvU,,GD41NC19L10,Nthondo Health Centre (Ntchisi),,,,,,,,,,,
Sambakusi Health Centre,VQ55OUjplL7,,GD41NC19L10,Sambakusi Health Centre,,,,,,,,,,,
Chikwina Health Centre,QlnCjd3M0E1,,527B20O7Q2H,Chikwina Health Centre,,,,,,,,,,,
Lwazi Health Centre,h7qFHIsVs04,,527B20O7Q2H,Lwazi Health Centre,,,,,,,,,,,
Mkwepere Health Centre,RQYBvIXGsDY,,Y6A1M21389O,Mkwepere Health Centre,,,,,,,,,,,
Nyambi Health Centre,ZD6zoYO03cf,,Y6A1M21389O,Nyambi Health Centre,,,,,,,,,,,
Pim Health Centre,nCX7iqBMNwM,,2VTML7219L6,Pim Health Centre,,,,,,,,,,,
Phalula Health Centre,Xp3wYJuLYue,,ZW9N60ZD2LV,Phalula Health Centre,,,,,,,,,,,
Chikowa Dispensary,fwew5LFgo0P,,2Q5QFLO4480,Chikowa Dispensary,,,,,,,,,,,
Kapeni Health Centre,D9w3urb7GKR,,2Q5QFLO4480,Kapeni Health Centre,,,,,,,,,,,
Manjawira Health Centre,FPDJqyOOb4I,,2Q5QFLO4480,Manjawira Health Centre,,,,,,,,,,,
Mtonda Health Centre,PxcYX4fmgXB,,2Q5QFLO4480,Mtonda Health Centre,,,,,,,,,,,
Namisu Dispensary,zgQjvfvY38A,,2Q5QFLO4480,Namisu Dispensary,,,,,,,,,,,
Senzani Health Centre,FWZnvXYdJV6,,2Q5QFLO4480,Senzani Health Centre,,,,,,,,,,,
Sister Teleza Community Hospital,QJKJi4blhkg,,2Q5QFLO4480,Sister Teleza Community Hospital,,,,,,,,,,,
Mauwa Health Centre,F6BWHBSv59O,,2W6RFSTH3WJ,Mauwa Health Centre,,,,,,,,,,,
Mauwa Maternity,BU12lO6ynbT,,2W6RFSTH3WJ,Mauwa Maternity,,,,,,,,,,,
Chimatiro Health Centre,Qt4jxB7puZZ,,0VM2U92Z6R3,Chimatiro Health Centre,,,,,,,,,,,
Chiyendausiku Health Centre,HrQHweMv09u,,0VM2U92Z6R3,Chiyendausiku Health Centre,,,,,,,,,,,
Chioshya Health Centre,RNuiMEnAfC1,,28Z9LBI3JP7,Chioshya Health Centre,,,,,,,,,,,
Liwonde Medical Clinic,pri4uEfpoMg,,758PV733XBN,Liwonde Medical Clinic,,,,,,,,,,,
Machinga District Hospital,HN3xPrwEli4,,758PV733XBN,Machinga District Hospital,,,,,,,,,,,
Concerned Youth Organisation,VDu3RkKQEZb,,V28B0U168S6,Concerned Youth Organisation,,,,,,,,,,,
Madziabango Health Centre,JA9Ekal0Y2p,,V28B0U168S6,Madziabango Health Centre,,,,,,,,,,,
Mpemba Health Centre,d9yZ10QgeOl,,V28B0U168S6,Mpemba Health Centre,,,,,,,,,,,
Mpingo Health Centre,WaVNBxhEraz,,V28B0U168S6,Mpingo Health Centre,,,,,,,,,,,
Nancholi YO Palliative Care site,D5r4oBqr9BN,,V28B0U168S6,Nancholi YO Palliative Care site,,,,,,,,,,,
Soche Maternity,AiR2MD63tCb,,V28B0U168S6,Soche Maternity,,,,,,,,,,,
St Vincent Health CentreChadzunda,q4hK217Rtbr,,V28B0U168S6,St Vincent Health CentreChadzunda,,,,,,,,,,,
Ruarwe Health Centre,kKaGzpI0IKd,,37N8870VZJ6,Ruarwe Health Centre,,,,,,,,,,,
Chizumulo (St Marys) Health Centre,Kzo3T3VQUwH,,03F8NB0E9T8,Chizumulo (St Marys) Health Centre,,,,,,,,,,,
Chizumulo St Marys Health Centre,XXjX57Xslam,,03F8NB0E9T8,Chizumulo St Marys Health Centre,,,,,,,,,,,
Chididi Health Centre (Nkhotakota),RViCF6QIybs,,P73399M68CJ,Chididi Health Centre (Nkhotakota),,,,,,,,,,,
Mpamantha Health Centre,YEVlg1UBA5H,,P73399M68CJ,Mpamantha Health Centre,,,,,,,,,,,
Usisya Health Centre,Wh3m13Uzsn7,,97680AEH1G6,Usisya Health Centre,,,,,,,,,,,
Ofesi Health Centre,bWYHqt0OcHy,,392Z65Q7MWO,Ofesi Health Centre,,,,,,,,,,,
Kamboni Health Centre,cez54P9k6OJ,,GZ8453UH67C,Kamboni Health Centre,,,,,,,,,,,
Chima Health Centre,zrabwOPiaCV,,WP67SK30C96,Chima Health Centre,,,,,,,,,,,
Malowa Health Centre,rKEqKuoGeKQ,,328MJ4X59LR,Malowa Health Centre,,,,,,,,,,,
Bondo Health Centre,XUpPIr0oxZ5,,KTEI1JB9QW4,Bondo Health Centre,,,,,,,,,,,
Lujeri Health Centre,QmGoFNWfUFa,,KTEI1JB9QW4,Lujeri Health Centre,,,,,,,,,,,
Mimosa Dispensary,YOhdb5QWf3k,,KTEI1JB9QW4,Mimosa Dispensary,,,,,,,,,,,
Minimini Dispensary,f8vxxriQ29H,,KTEI1JB9QW4,Minimini Dispensary,,,,,,,,,,,
Ruo Dispensary,ZbuBESAP1bq,,KTEI1JB9QW4,Ruo Dispensary,,,,,,,,,,,
Lisungwi Health Centre,jBJ1nrUXKIu,,29SBZWD6WZE,Lisungwi Health Centre,,,,,,,,,,,
Luwani Health Centre,y3FF95NnZzl,,29SBZWD6WZE,Luwani Health Centre,,,,,,,,,,,
Matope Health Centre,GjNQ12Y2l0F,,29SBZWD6WZE,Matope Health Centre,,,,,,,,,,,
Midzemba Dispensary,zq5yo5iRvsL,,29SBZWD6WZE,Midzemba Dispensary,,,,,,,,,,,
Nkula Health Centre,cfzBcWqPOoy,,29SBZWD6WZE,Nkula Health Centre,,,,,,,,,,,
Tedzani Escom Clinic,sKN6JyTFe9M,,29SBZWD6WZE,Tedzani Escom Clinic,,,,,,,,,,,
zalewa Dispensary,NW5K84KJ4xp,,29SBZWD6WZE,zalewa Dispensary,,,,,,,,,,,
Chambwe Health Centre,Dl6P4C549hR,,VQQ7Z94VD2B,Chambwe Health Centre,,,,,,,,,,,
Mpepa / Chisinga Health Centre,GJhhq8K1EBF,,7W335O7E0C2,Mpepa / Chisinga Health Centre,,,,,,,,,,,
Chulu Health Centre,n18VsHigwU8,,5M3G52HB5U9,Chulu Health Centre,,,,,,,,,,,
Lodjwa Health Centre,MrIB1LvLmRs,,31BT84662UN,Lodjwa Health Centre,,,,,,,,,,,
Nkhamenya Hospital,QcCfOxMgWJN,,31BT84662UN,Nkhamenya Hospital,,,,,,,,,,,
Kunenekude Health Centre,tB6qZOxpIwC,,Y61550006XS,Kunenekude Health Centre,,,,,,,,,,,
Mwanza District Hospital,ojR8a0Xu9A3,,Y61550006XS,Mwanza District Hospital,,,,,,,,,,,
Tulonkhondo Health Centre,UDVA59g76b9,,Y61550006XS,Tulonkhondo Health Centre,,,,,,,,,,,
Yankho Private Clinic,TLPAp986efZ,,0MKT2O18F33,Yankho Private Clinic,,,,,,,,,,,
Khola Health Centre,PYQecgNXvAc,,9SI5BI13J93,Khola Health Centre,,,,,,,,,,,
Mdunga Heallth Centre,H3xKaK0d3or,,486QKH53LZ4,Mdunga Heallth Centre,,,,,,,,,,,
Mkhota R Growth Health Centre,F17kSj3t4iD,,7I4E7II2H1W,Mkhota R Growth Health Centre,,,,,,,,,,,
Mnyanja Health Centre,mwyB6seePPU,,2D0517640I5,Mnyanja Health Centre,,,,,,,,,,,
Linyangwa Health Centre,z9yDHU0ZYQd,,9T1969D5N4R,Linyangwa Health Centre,,,,,,,,,,,
Bua Health Centre (Kasungu),T118NxiYoIL,,032VZ3ZH9EH,Bua Health Centre (Kasungu),,,,,,,,,,,
Mziza Health Centre,GaqkYT3AgFn,,032VZ3ZH9EH,Mziza Health Centre,,,,,,,,,,,
Thambani Health Centre,OfoB1qVuiwI,,81C4MR9FQ4R,Thambani Health Centre,,,,,,,,,,,
Anchor Farm Health Centre,lXEN2NtidAc,,9TX87270HRE,Anchor Farm Health Centre,,,,,,,,,,,
Santhe Health Centre,B1gKsva7Nw4,,9TX87270HRE,Santhe Health Centre,,,,,,,,,,,
Simlemba Health Centre,xcRa7FraazI,,C16446EKG6F,Simlemba Health Centre,,,,,,,,,,,
Chamama Health Facility,LmCUb5UShy6,,N5GML7Q53MI,Chamama Health Facility,,,,,,,,,,,
Chinyama Dispensary,dCOqnRxMAXD,,N5GML7Q53MI,Chinyama Dispensary,,,,,,,,,,,
Mtunthama Health Centre,PbfmrMdVBs3,,N5GML7Q53MI,Mtunthama Health Centre,,,,,,,,,,,
St Andrews Community Hospital,WEXi1SR3Ps6,,N5GML7Q53MI,St Andrews Community Hospital,,,,,,,,,,,
St Augustin Anglican Clinic (Shayona),VQ1v5jwMz7G,,N5GML7Q53MI,St Augustin Anglican Clinic (Shayona),,,,,,,,,,,
St. Faith Health Centre,TfUBwEL4ESW,,N5GML7Q53MI,St. Faith Health Centre,,,,,,,,,,,
Wimbe Health Centre,bPKUlNCxhvT,,N5GML7Q53MI,Wimbe Health Centre,,,,,,,,,,,
Chipwanya St Josephs Health Centre,WiVCsIgUw2D,,2R3Y8NL7BA2,Chipwanya St Josephs Health Centre,,,,,,,,,,,
Kalulu Health Centre,a8NnsOmXWK7,,2R3Y8NL7BA2,Kalulu Health Centre,,,,,,,,,,,
Mayani Health Centre,U3ExHCyHDEZ,,2R3Y8NL7BA2,Mayani Health Centre,,,,,,,,,,,
Mjini Dispensary,QRur3iZGQxE,,2R3Y8NL7BA2,Mjini Dispensary,,,,,,,,,,,
Kanyimbi Dispensary,AbJbZQt4UJs,,HUQBO1H8LA5,Kanyimbi Dispensary,,,,,,,,,,,
Misamvu Dispensary,YDYPFwMDHNj,,HUQBO1H8LA5,Misamvu Dispensary,,,,,,,,,,,
Mkango Dispensary,je3gS5u3q51,,HUQBO1H8LA5,Mkango Dispensary,,,,,,,,,,,
Nyamithuthu Health Centre,zCPRlak2MqT,,HUQBO1H8LA5,Nyamithuthu Health Centre,,,,,,,,,,,
Tengani Health Centre,O4OnTZDe6YW,,HUQBO1H8LA5,Tengani Health Centre,,,,,,,,,,,
Chinthebe Dispensary,P4Z5FpCJ4Ri,,TTV853Z0G6O,Chinthebe Dispensary,,,,,,,,,,,
Chisunga Dispensary,LdZk69me50d,,TTV853Z0G6O,Chisunga Dispensary,,,,,,,,,,,
Thomas Health Centre,TKKQUXqRrrr,,TTV853Z0G6O,Thomas Health Centre,,,,,,,,,,,
Chisala Health Centre,QX85XzKEJjg,,33T7TS9V182,Chisala Health Centre,,,,,,,,,,,
Mpamba Health Centre,cHhZC34cSCl,,33T7TS9V182,Mpamba Health Centre,,,,,,,,,,,
Chinyama Health Centre,TxWRIMbBOpS,,WGGX9ODE5MA,Chinyama Health Centre,,,,,,,,,,,
Area 36 Private Clinic,jXwJTKL2NOh,,L1V2R5CW938,Area 36 Private Clinic,,,,,,,,,,,
Baylor Childrens Centre Of Excellence In Malawi,yl49po4W4F7,,L1V2R5CW938,Baylor Childrens Centre Of Excellence In Malawi,,,,,,,,,,,
Biwi Health Centre,fxSjk6Zaksj,,L1V2R5CW938,Biwi Health Centre,,,,,,,,,,,
Bwaila Hospital,XtF7Xzv3edv,,L1V2R5CW938,Bwaila Hospital,,,,,,,,,,,
Cck Health Clinic & Diagnostic Centre,peJm0gcxzFw,,L1V2R5CW938,Cck Health Clinic & Diagnostic Centre,,,,,,,,,,,
City Assembly Dispensary,cKd7jidUXBo,,L1V2R5CW938,City Assembly Dispensary,,,,,,,,,,,
City Centre Clinic,lAWnwgQl9RP,,L1V2R5CW938,City Centre Clinic,,,,,,,,,,,
Dr David Livingstone Memorial Clinic,KvtV3ZtJGyR,,L1V2R5CW938,Dr David Livingstone Memorial Clinic,,,,,,,,,,,
Escom Clinic Lilongwe,ahOuLxBrycV,,L1V2R5CW938,Escom Clinic Lilongwe,,,,,,,,,,,
Falls Banja La Mtsogolo Dispensary,vYMYW6T4t1J,,L1V2R5CW938,Falls Banja La Mtsogolo Dispensary,,,,,,,,,,,
Fidelity Private Clinic,G1n34alnula,,L1V2R5CW938,Fidelity Private Clinic,,,,,,,,,,,
Fpam Clinic Kawale,xH7lnew9T1J,,L1V2R5CW938,Fpam Clinic Kawale,,,,,,,,,,,
Kachere Private Clinic,XyrCQrwYHQt,,L1V2R5CW938,Kachere Private Clinic,,,,,,,,,,,
Kamuzu Barracks Dispensary,P6q5ZIrXGAM,,L1V2R5CW938,Kamuzu Barracks Dispensary,,,,,,,,,,,
Kang'Oma Health Centre,o1ZjuUmv5aQ,,L1V2R5CW938,Kang'Oma Health Centre,,,,,,,,,,,
Kawale Banja La Mtsogolo Dispensary,SnfOrypiyQj,,L1V2R5CW938,Kawale Banja La Mtsogolo Dispensary,,,,,,,,,,,
Kawale Medical Services,q4n2TvCdd9O,,L1V2R5CW938,Kawale Medical Services,,,,,,,,,,,
Kawale Urban Health Centre,d1WQftQ87x3,,L1V2R5CW938,Kawale Urban Health Centre,,,,,,,,,,,
Khama Private Clinic,x647VZUetKI,,L1V2R5CW938,Khama Private Clinic,,,,,,,,,,,
Lighthouse KCH,kR3EKghUNys,,L1V2R5CW938,Lighthouse KCH,,,,,,,,,,,
Lilongwe Central Hospital,cFiiWO0mSVO,,L1V2R5CW938,Lilongwe Central Hospital,,,,,,,,,,,
Lilongwe Health Clinic,WgW57Jmd2oN,,L1V2R5CW938,Lilongwe Health Clinic,,,,,,,,,,,
Lilongwe Private Clinic,oBjbSOYLYR5,,L1V2R5CW938,Lilongwe Private Clinic,,,,,,,,,,,
Macro Lilongwe,dLEhItCFbai,,L1V2R5CW938,Macro Lilongwe,,,,,,,,,,,
Mlodza SDA Dispensary,HYVLnrx75IO,,L1V2R5CW938,Mlodza SDA Dispensary,,,,,,,,,,,
Mlolera Womens Clinic,ElXrgGgPfvw,,L1V2R5CW938,Mlolera Womens Clinic,,,,,,,,,,,
Moyo Wanga Pvt clinic,LGJ7Iyq5M8U,,L1V2R5CW938,Moyo Wanga Pvt clinic,,,,,,,,,,,
MPC Bwaila ART CLINIC,zpInaIow7TF,,L1V2R5CW938,MPC Bwaila ART CLINIC,,,,,,,,,,,
New Statehouse Dispensary,s0Wy1UgxpqI,,L1V2R5CW938,New Statehouse Dispensary,,,,,,,,,,,
Partners In Hope Clinic Moyo Clinic (public),FHaAx124JwD,,L1V2R5CW938,Partners In Hope Clinic Moyo Clinic (public),,,,,,,,,,,
Partners In Hope ClinicDalitso Clinic(private),oAbzoo8jsNn,,L1V2R5CW938,Partners In Hope ClinicDalitso Clinic(private),,,,,,,,,,,
Umoyo Private Clinic,c07BSKSIfAF,,L1V2R5CW938,Umoyo Private Clinic,,,,,,,,,,,
UNC,vaCqY6Cv5G4,,L1V2R5CW938,UNC,,,,,,,,,,,
Achikondi women community,q9qra0ng8xZ,,L1V2R5CW938,Achikondi women community,,,,,,,,,,,
Chinthembwe Health Centre,QZm8o1i8tW4,,HZ5B91Y7Y30,Chinthembwe Health Centre,,,,,,,,,,,
Chilumba Barracks Health Centre,Z6krawIPDu7,,1Y42073X858,Chilumba Barracks Health Centre,,,,,,,,,,,
Chilumba Rural Hospital,uHPXBdcz85N,,1Y42073X858,Chilumba Rural Hospital,,,,,,,,,,,
Fulirwa Health Centre,UNLZJ1Nr3sq,,1Y42073X858,Fulirwa Health Centre,,,,,,,,,,,
Hara Dispensary,T13U7sHC0v2,,1Y42073X858,Hara Dispensary,,,,,,,,,,,
Lwezga Health Centre,eXttdubBDLr,,1Y42073X858,Lwezga Health Centre,,,,,,,,,,,
Sangilo Health Centre,r0Elt6wypHg,,1Y42073X858,Sangilo Health Centre,,,,,,,,,,,
St Annes Health Centre,fA5VQVs3L2A,,1Y42073X858,St Annes Health Centre,,,,,,,,,,,
K2 Taso Clinic,RcC6kifTBcF,,N5GML7Q53MI,K2 Taso Clinic,,,,,,,,,,,
Kamuzu Academy Clinic,wKP5w5OcIFj,,N5GML7Q53MI,Kamuzu Academy Clinic,,,,,,,,,,,
Kapyanga Health Centre,D7QhLNJChdq,,N5GML7Q53MI,Kapyanga Health Centre,,,,,,,,,,,
Livwezi Health Centre,p4eKC1ZsXQ4,,N5GML7Q53MI,Livwezi Health Centre,,,,,,,,,,,
Liuzi Health Centre,HYxgXNwy8Wn,,85J589562R9,Liuzi Health Centre,,,,,,,,,,,
Tukombo Health Centre,WzvT614Stek,,85J589562R9,Tukombo Health Centre,,,,,,,,,,,
Guilleme St Michaels Mission Hospital,oT0jXXNSmag,,UPADPK51FTP,Guilleme St Michaels Mission Hospital,,,,,,,,,,,
Kochilira Rural Hospital,sxgy4P0oUli,,UPADPK51FTP,Kochilira Rural Hospital,,,,,,,,,,,
Ludzi St Joseph's Mission Hospital,L42aUTBuigK,,UPADPK51FTP,Ludzi St Joseph's Mission Hospital,,,,,,,,,,,
Mchinji District Hospital,dFFBYFnomxH,,UPADPK51FTP,Mchinji District Hospital,,,,,,,,,,,
Mphelero Health Centre,x6VWLw7WSUB,,UPADPK51FTP,Mphelero Health Centre,,,,,,,,,,,